brn,corp_name,prefix4,item_label,region_code,region_label,is_manufacturer,g2b_age_years,sr_count,social_corp_flag,female_ceo_flag,similarity,mean_top3_dist,nearest_ref_brn,nearest_ref_name,nearest_ref_dist,top5_neighbors,nearest_ref_env_count,nearest_ref_env_amt
2063014832,충북전자통신,3912,전기 설비 (배전반·계장제어·UPS),41,경기,True,11.588939810597003,1,False,False,0.9492732130413541,0.05343749961733732,1408180747,유비스 주식회사,0.005848310043985401,"[{""brn"": ""1408180747"", ""name"": ""\uc720\ube44\uc2a4 \uc8fc\uc2dd\ud68c\uc0ac"", ""dist"": 0.005848310043985401}, {""brn"": ""1268630417"", ""name"": ""\uc8fc\uc2dd\ud68c\uc0ac \uadf8\ub9b0\ud30c\uc6cc\ud14c\ud06c\ub180\ub85c\uc9c0"", ""dist"": 0.06089122810472525}, {""brn"": ""1308217735"", ""name"": ""\uc0ac\ub2e8\ubc95\uc778 \ud55c\uad6d\uc7a5\uc560\uc778\ud611\ud68c"", ""dist"": 0.09357296070330132}, {""brn"": ""1138630217"", ""name"": ""\uc8fc\uc2dd\ud68c\uc0ac \uc2a4\ub9c8\ud2b8\ud30c\uc6cc"", ""dist"": 0.1544641888080137}, {""brn"": ""1288213643"", ""name"": ""\ud64d\uc560\uc6d0"", ""dist"": 0.3044561405235869}]",1,50094000
1868100109,주식회사 큐브,3912,전기 설비 (배전반·계장제어·UPS),,지역미상,True,10.989350488215074,1,False,False,0.9478287403114096,0.055042918060755903,2978700041,(주)에이시에스,0.0030961641409086326,"[{""brn"": ""2978700041"", ""name"": ""(\uc8fc)\uc5d0\uc774\uc2dc\uc5d0\uc2a4"", ""dist"": 0.0030961641409086326}, {""brn"": ""5518600119"", ""name"": ""\uc2e0\uc815\ubcf4\uac1c\ubc1c\uc8fc\uc2dd\ud68c\uc0ac"", ""dist"": 0.029241550219775137}, {""brn"": ""4608800350"", ""name"": ""\uc8fc\uc2dd\ud68c\uc0ac \uc5d0\uc2a4\uc5e0\ud14c\ud06c"", ""dist"": 0.13279103982158394}, {""brn"": ""5108122946"", ""name"": ""\uc8fc\uc2dd\ud68c\uc0ac \uc5d0\uc2a4\uc5d0\uc774\uce58"", ""dist"": 0.36053111329798426}, {""brn"": ""3378100823"", ""name"": ""\uc8fc\uc2dd\ud68c\uc0ac \ud2f0\uc564\uc81c\uc774"", ""dist"": 0.4403433444860882}]",1,134000000
3478700346,주식회사 코인스이앤씨,3912,전기 설비 (배전반·계장제어·UPS),,지역미상,True,10.102286833184273,1,False,False,0.9340221584133178,0.07063841151131024,4608800350,주식회사 에스엠테크,0.02132913074854544,"[{""brn"": ""4608800350"", ""name"": ""\uc8fc\uc2dd\ud68c\uc0ac \uc5d0\uc2a4\uc5e0\ud14c\ud06c"", ""dist"": 0.02132913074854544}, {""brn"": ""5518600119"", ""name"": ""\uc2e0\uc815\ubcf4\uac1c\ubc1c\uc8fc\uc2dd\ud68c\uc0ac"", ""dist"": 0.08222035885326352}, {""brn"": ""2978700041"", ""name"": ""(\uc8fc)\uc5d0\uc774\uc2dc\uc5d0\uc2a4"", ""dist"": 0.10836574493212178}, {""brn"": ""3378100823"", ""name"": ""\uc8fc\uc2dd\ud68c\uc0ac \ud2f0\uc564\uc81c\uc774"", ""dist"": 0.3288814354130473}, {""brn"": ""5108122946"", ""name"": ""\uc8fc\uc2dd\ud68c\uc0ac \uc5d0\uc2a4\uc5d0\uc774\uce58"", ""dist"": 0.47199302237102614}]",1,50694050
4718601530,주식회사 성일인더스트리,4015,펌프·압축기 (수중펌프·공기압축기),,지역미상,True,6.499275197318427,1,False,False,0.9314283363162479,0.07361990290627138,2448101404,주식회사 서진엔텍,0.05469889982288606,"[{""brn"": ""2448101404"", ""name"": ""\uc8fc\uc2dd\ud68c\uc0ac \uc11c\uc9c4\uc5d4\ud14d"", ""dist"": 0.05469889982288606}, {""brn"": ""2632300779"", ""name"": ""\ucc9c\uc9c0\ud558\uc774\ud14d"", ""dist"": 0.06157926458047865}, {""brn"": ""5398800715"", ""name"": ""\ub300\uc131\uacf5\uc5c5\uc8fc\uc2dd\ud68c\uc0ac"", ""dist"": 0.10458154431544942}, {""brn"": ""6468600756"", ""name"": ""\uc8fc\uc2dd\ud68c\uc0ac \ud558\ubc31"", ""dist"": 0.1372632769140244}, {""brn"": ""3578600837"", ""name"": ""\uc8fc\uc2dd\ud68c\uc0ac\uc218\uc601\uc0b0\uc5c5"", ""dist"": 0.21741952634000497}]",5,900828061
1971600057,프럭시스,4015,펌프·압축기 (수중펌프·공기압축기),41,경기,True,10.929117770898166,1,False,False,0.9184788438638574,0.08875670537298312,1408148640,주식회사 서광부스타이엔지,0.01960903955916853,"[{""brn"": ""1408148640"", ""name"": ""\uc8fc\uc2dd\ud68c\uc0ac \uc11c\uad11\ubd80\uc2a4\ud0c0\uc774\uc5d4\uc9c0"", ""dist"": 0.01960903955916853}, {""brn"": ""1378601533"", ""name"": ""\uc8fc\uc2dd\ud68c\uc0ac \uc815\uc218\ud50c\ub85c\uc6b0\ud14d"", ""dist"": 0.06089122810471066}, {""brn"": ""1308686787"", ""name"": ""\uc131\uad11\uc218\uc911\ud38c\ud504 \uc8fc\uc2dd\ud68c\uc0ac"", ""dist"": 0.18576984845507016}, {""brn"": ""1400280645"", ""name"": ""\uc81c\uc774\uc5d0\uc2a4 \uc5d4\uc9c0\ub2c8\uc5b4\ub9c1"", ""dist"": 0.23118025585519808}, {""brn"": ""8252000294"", ""name"": ""\ud0dc\uc131\uc774\uc5d4\uc9c0"", ""dist"": 0.300327921669029}]",3,52898370
7728601563,더블유아이엠주식회사,4015,펌프·압축기 (수중펌프·공기압축기),,지역미상,True,5.379494225381398,1,False,False,0.9024159846253214,0.10813639944021491,5398800715,대성공업주식회사,0.03612191497739715,"[{""brn"": ""5398800715"", ""name"": ""\ub300\uc131\uacf5\uc5c5\uc8fc\uc2dd\ud68c\uc0ac"", ""dist"": 0.03612191497739715}, {""brn"": ""2448101404"", ""name"": ""\uc8fc\uc2dd\ud68c\uc0ac \uc11c\uc9c4\uc5d4\ud14d"", ""dist"": 0.08600455946994828}, {""brn"": ""2632300779"", ""name"": ""\ucc9c\uc9c0\ud558\uc774\ud14d"", ""dist"": 0.20228272387329935}, {""brn"": ""6468600756"", ""name"": ""\uc8fc\uc2dd\ud68c\uc0ac \ud558\ubc31"", ""dist"": 0.2779667362068444}, {""brn"": ""3578600837"", ""name"": ""\uc8fc\uc2dd\ud68c\uc0ac\uc218\uc601\uc0b0\uc5c5"", ""dist"": 0.3581229856328265}]",1,32750000
4578101470,주식회사 문수산업,2410,운반·물류 장비 (지게차·엘리베이터),,지역미상,True,5.762793335579892,1,False,False,0.8272536597845671,0.20881907039301506,1398701986,주식회사 삼성엔비코,0.04334629797285404,"[{""brn"": ""1398701986"", ""name"": ""\uc8fc\uc2dd\ud68c\uc0ac \uc0bc\uc131\uc5d4\ube44\ucf54"", ""dist"": 0.04334629797285404}, {""brn"": ""7088701142"", ""name"": ""\uc8fc\uc2dd\ud68c\uc0ac \ub2e4\uc6d0\uc5d8\ub9ac\ubca0\uc774\ud130"", ""dist"": 0.10974181788364482}, {""brn"": ""2363501430"", ""name"": ""\ub514\ud53c\uc5d0\uc2a4\ud14c\ud06c\ub180\ub85c\uc9c0"", ""dist"": 0.4733690953225463}, {""brn"": ""3178145428"", ""name"": ""\uc8fc\uc2dd\ud68c\uc0ac \ubc31\uc120"", ""dist"": 0.6663633267730895}, {""brn"": ""4608601812"", ""name"": ""\uc8fc\uc2dd\ud68c\uc0ac \ud574\uc628\ud14c\ud06c"", ""dist"": 1.4142177466199473}]",1,77664000
4828701901,그린스마트엘리베이터 주식회사,2410,운반·물류 장비 (지게차·엘리베이터),,지역미상,True,5.026311473841357,1,False,False,0.8259217134878848,0.21076850707433145,1398701986,주식회사 삼성엔비코,0.04919460801680438,"[{""brn"": ""1398701986"", ""name"": ""\uc8fc\uc2dd\ud68c\uc0ac \uc0bc\uc131\uc5d4\ube44\ucf54"", ""dist"": 0.04919460801680438}, {""brn"": ""7088701142"", ""name"": ""\uc8fc\uc2dd\ud68c\uc0ac \ub2e4\uc6d0\uc5d8\ub9ac\ubca0\uc774\ud130"", ""dist"": 0.20228272387329935}, {""brn"": ""2363501430"", ""name"": ""\ub514\ud53c\uc5d0\uc2a4\ud14c\ud06c\ub180\ub85c\uc9c0"", ""dist"": 0.3808281893328906}, {""brn"": ""3178145428"", ""name"": ""\uc8fc\uc2dd\ud68c\uc0ac \ubc31\uc120"", ""dist"": 0.7589042327627437}, {""brn"": ""7178602089"", ""name"": ""\uc720\ud55c\ud68c\uc0ac \uc528\ucf00\uc774"", ""dist"": 1.414232014808626}]",1,77664000
1568800413,주식회사 성민전기통신소방,3912,전기 설비 (배전반·계장제어·UPS),,지역미상,True,7.887365546394403,1,False,False,0.8178658056981737,0.22269447265416223,3378100823,주식회사 티앤제이,0.050570680968322644,"[{""brn"": ""3378100823"", ""name"": ""\uc8fc\uc2dd\ud68c\uc0ac \ud2f0\uc564\uc81c\uc774"", ""dist"": 0.050570680968322644}, {""brn"": ""4608800350"", ""name"": ""\uc8fc\uc2dd\ud68c\uc0ac \uc5d0\uc2a4\uc5e0\ud14c\ud06c"", ""dist"": 0.2569816236961786}, {""brn"": ""5518600119"", ""name"": ""\uc2e0\uc815\ubcf4\uac1c\ubc1c\uc8fc\uc2dd\ud68c\uc0ac"", ""dist"": 0.3605311132979855}, {""brn"": ""2978700041"", ""name"": ""(\uc8fc)\uc5d0\uc774\uc2dc\uc5d0\uc2a4"", ""dist"": 0.3866764993768453}, {""brn"": ""5108122946"", ""name"": ""\uc8fc\uc2dd\ud68c\uc0ac \uc5d0\uc2a4\uc5d0\uc774\uce58"", ""dist"": 0.7503037768157491}]",2,489000000
5061719868,아이엔씨에스,3912,전기 설비 (배전반·계장제어·UPS),,지역미상,True,13.384969926955662,1,False,False,0.8121531054595326,0.2312949286011531,5108122946,주식회사 에스에이치,0.05951515515318998,"[{""brn"": ""5108122946"", ""name"": ""\uc8fc\uc2dd\ud68c\uc0ac \uc5d0\uc2a4\uc5d0\uc774\uce58"", ""dist"": 0.05951515515318998}, {""brn"": ""2978700041"", ""name"": ""(\uc8fc)\uc5d0\uc774\uc2dc\uc5d0\uc2a4"", ""dist"": 0.30411212228570317}, {""brn"": ""5518600119"", ""name"": ""\uc2e0\uc815\ubcf4\uac1c\ubc1c\uc8fc\uc2dd\ud68c\uc0ac"", ""dist"": 0.33025750836456624}, {""brn"": ""4608800350"", ""name"": ""\uc8fc\uc2dd\ud68c\uc0ac \uc5d0\uc2a4\uc5e0\ud14c\ud06c"", ""dist"": 0.43380699796637245}, {""brn"": ""4088177231"", ""name"": ""\uc8fc\uc2dd\ud68c\uc0ac \uc138\uac15\uc5d4\uc9c0\ub2c8\uc5b4\ub9c1"", ""dist"": 0.6020319162895745}]",1,368462684
4118171005,(유)금강전기,3912,전기 설비 (배전반·계장제어·UPS),,지역미상,True,13.59030873599057,1,False,False,0.8065196567889679,0.23989538454815096,5108122946,주식회사 에스에이치,0.03371378731221656,"[{""brn"": ""5108122946"", ""name"": ""\uc8fc\uc2dd\ud68c\uc0ac \uc5d0\uc2a4\uc5d0\uc774\uce58"", ""dist"": 0.03371378731221656}, {""brn"": ""2978700041"", ""name"": ""(\uc8fc)\uc5d0\uc774\uc2dc\uc5d0\uc2a4"", ""dist"": 0.32991349012668714}, {""brn"": ""5518600119"", ""name"": ""\uc2e0\uc815\ubcf4\uac1c\ubc1c\uc8fc\uc2dd\ud68c\uc0ac"", ""dist"": 0.35605887620554916}, {""brn"": ""4608800350"", ""name"": ""\uc8fc\uc2dd\ud68c\uc0ac \uc5d0\uc2a4\uc5e0\ud14c\ud06c"", ""dist"": 0.45960836580735515}, {""brn"": ""4088177231"", ""name"": ""\uc8fc\uc2dd\ud68c\uc0ac \uc138\uac15\uc5d4\uc9c0\ub2c8\uc5b4\ub9c1"", ""dist"": 0.5762305484485933}]",1,368462684
8048700534,주식회사신성일렉콤,3912,전기 설비 (배전반·계장제어·UPS),41,경기,True,7.996879577879687,1,False,False,0.7809513247888048,0.28048953661796183,4918801464,진영산업주식회사,0.15412017057013014,"[{""brn"": ""4918801464"", ""name"": ""\uc9c4\uc601\uc0b0\uc5c5\uc8fc\uc2dd\ud68c\uc0ac"", ""dist"": 0.15412017057013014}, {""brn"": ""1138630217"", ""name"": ""\uc8fc\uc2dd\ud68c\uc0ac \uc2a4\ub9c8\ud2b8\ud30c\uc6cc"", ""dist"": 0.29688773929023127}, {""brn"": ""1268630417"", ""name"": ""\uc8fc\uc2dd\ud68c\uc0ac \uadf8\ub9b0\ud30c\uc6cc\ud14c\ud06c\ub180\ub85c\uc9c0"", ""dist"": 0.39046069999352406}, {""brn"": ""1408180747"", ""name"": ""\uc720\ube44\uc2a4 \uc8fc\uc2dd\ud68c\uc0ac"", ""dist"": 0.44550361805428496}, {""brn"": ""1308217735"", ""name"": ""\uc0ac\ub2e8\ubc95\uc778 \ud55c\uad6d\uc7a5\uc560\uc778\ud611\ud68c"", ""dist"": 0.5449248888015346}]",1,39600000
4808803216,주식회사 정수산업,1216,실험·분석 시약 (살균제·시약키트),41,경기,False,2.3432177024518976,1,False,False,0.7777474127451064,0.2857644829321125,2473400512,브릿지,0.020641094272772026,"[{""brn"": ""2473400512"", ""name"": ""\ube0c\ub9bf\uc9c0"", ""dist"": 0.020641094272772026}, {""brn"": ""7738102594"", ""name"": ""\uc8fc\uc2dd\ud68c\uc0ac \uc5d0\uc774\uc544\uc774\uc0ac\uc774\uc5b8\ud2f0\ud53d"", ""dist"": 0.12866282096702647}, {""brn"": ""7213200433"", ""name"": ""\ub7a9\ucf54\ub4dc"", ""dist"": 0.7079895335565389}, {""brn"": ""7445400855"", ""name"": ""\uace0\uc2a4\ud14c\uc774\uc158"", ""dist"": 1.4142463665364775}, {""brn"": ""2548601895"", ""name"": ""\uc8fc\uc2dd\ud68c\uc0ac \ud480\ucf54\uc2a4"", ""dist"": 1.4144127606314212}]",5,123500800
4108678295,우주기업 주식회사,2410,운반·물류 장비 (지게차·엘리베이터),,지역미상,True,8.070801549132254,1,False,False,0.7712131466412612,0.2966583937983123,7088701142,주식회사 다원엘리베이터,0.18026555664899582,"[{""brn"": ""7088701142"", ""name"": ""\uc8fc\uc2dd\ud68c\uc0ac \ub2e4\uc6d0\uc5d8\ub9ac\ubca0\uc774\ud130"", ""dist"": 0.18026555664899582}, {""brn"": ""1398701986"", ""name"": ""\uc8fc\uc2dd\ud68c\uc0ac \uc0bc\uc131\uc5d4\ube44\ucf54"", ""dist"": 0.3333536725054853}, {""brn"": ""3178145428"", ""name"": ""\uc8fc\uc2dd\ud68c\uc0ac \ubc31\uc120"", ""dist"": 0.37635595224045587}, {""brn"": ""2363501430"", ""name"": ""\ub514\ud53c\uc5d0\uc2a4\ud14c\ud06c\ub180\ub85c\uc9c0"", ""dist"": 0.76337646985518}, {""brn"": ""4678100901"", ""name"": ""\uc8fc\uc2dd\ud68c\uc0ac \uc5d4\ubc14\uc774\ub85c\ud14d"", ""dist"": 1.4142146084359688}]",1,65120000
1304218868,혜성ENG,2410,운반·물류 장비 (지게차·엘리베이터),41,경기,True,11.769637962547723,1,False,False,0.7701914438373213,0.29837848498771247,1378602279,주식회사 정문이엔이,0.10870976317001066,"[{""brn"": ""1378602279"", ""name"": ""\uc8fc\uc2dd\ud68c\uc0ac \uc815\ubb38\uc774\uc5d4\uc774"", ""dist"": 0.10870976317001066}, {""brn"": ""7678800168"", ""name"": ""\uac70\uc131\uc774\uc5d4\uc9c0 \uc8fc\uc2dd\ud68c\uc0ac"", ""dist"": 0.14379962343374092}, {""brn"": ""5758601356"", ""name"": ""(\uc8fc)\ud574\uc131\uc774\uc5d4\uc9c0"", ""dist"": 0.6426260683593858}, {""brn"": ""5508702203"", ""name"": ""\uc8fc\uc2dd\ud68c\uc0ac \uc6f0\uc2a4\ud14c\ud06c"", ""dist"": 1.0499436620090175}, {""brn"": ""1408180747"", ""name"": ""\uc720\ube44\uc2a4 \uc8fc\uc2dd\ud68c\uc0ac"", ""dist"": 1.4145017861943936}]",1,38358432
4458600304,주식회사 동남테크,4710,수처리 약품 (응집제·여과재),41,경기,True,10.053005519015894,1,False,False,0.7623807642711166,0.311680523519061,8921600526,제이씨이엔지,0.19093012202326626,"[{""brn"": ""8921600526"", ""name"": ""\uc81c\uc774\uc528\uc774\uc5d4\uc9c0"", ""dist"": 0.19093012202326626}, {""brn"": ""1141708314"", ""name"": ""\ubbf8\uc131\uc5d4\uc9c0\ub2c8\uc5b4\ub9c1"", ""dist"": 0.3594990585843483}, {""brn"": ""1258197083"", ""name"": ""\uc8fc\uc2dd\ud68c\uc0ac \uc774\uc564\uc5d0\ud504"", ""dist"": 0.3846123899495686}, {""brn"": ""5438101257"", ""name"": ""\uc8fc\uc2dd\ud68c\uc0ac \uc640\uc774\uc81c\uc774\uc5d4\ud14d"", ""dist"": 0.4427514721512484}, {""brn"": ""4468801727"", ""name"": ""\uc8fc\uc2dd\ud68c\uc0ac \uc131\uc2e0"", ""dist"": 0.5015785908286851}]",1,41592715
6098702956,주식회사 에이치엘 엘리베이터,2410,운반·물류 장비 (지게차·엘리베이터),,지역미상,True,2.5376051083382767,1,False,False,0.7604527848462632,0.3150060331519003,2363501430,디피에스테크놀로지,0.06811561110019854,"[{""brn"": ""2363501430"", ""name"": ""\ub514\ud53c\uc5d0\uc2a4\ud14c\ud06c\ub180\ub85c\uc9c0"", ""dist"": 0.06811561110019854}, {""brn"": ""1398701986"", ""name"": ""\uc8fc\uc2dd\ud68c\uc0ac \uc0bc\uc131\uc5d4\ube44\ucf54"", ""dist"": 0.36190718624950596}, {""brn"": ""7088701142"", ""name"": ""\uc8fc\uc2dd\ud68c\uc0ac \ub2e4\uc6d0\uc5d8\ub9ac\ubca0\uc774\ud130"", ""dist"": 0.5149953021059963}, {""brn"": ""3178145428"", ""name"": ""\uc8fc\uc2dd\ud68c\uc0ac \ubc31\uc120"", ""dist"": 1.071616810995442}, {""brn"": ""1808802923"", ""name"": ""\uc0bc\uc131\ud658\uacbd \uc8fc\uc2dd\ud68c\uc0ac"", ""dist"": 1.4142150687033885}]",1,124640000
5058152486,(주)디엠씨,2410,운반·물류 장비 (지게차·엘리베이터),,지역미상,True,9.14677690847517,1,False,False,0.7453093307209157,0.3417247829605589,3178145428,주식회사 백선,0.24115678475371125,"[{""brn"": ""3178145428"", ""name"": ""\uc8fc\uc2dd\ud68c\uc0ac \ubc31\uc120"", ""dist"": 0.24115678475371125}, {""brn"": ""7088701142"", ""name"": ""\uc8fc\uc2dd\ud68c\uc0ac \ub2e4\uc6d0\uc5d8\ub9ac\ubca0\uc774\ud130"", ""dist"": 0.31546472413573723}, {""brn"": ""1398701986"", ""name"": ""\uc8fc\uc2dd\ud68c\uc0ac \uc0bc\uc131\uc5d4\ube44\ucf54"", ""dist"": 0.46855283999222813}, {""brn"": ""2363501430"", ""name"": ""\ub514\ud53c\uc5d0\uc2a4\ud14c\ud06c\ub180\ub85c\uc9c0"", ""dist"": 0.8985756373419241}, {""brn"": ""4090939947"", ""name"": ""\ud55c\uad6d\uc774\uc5d4\uc9c0"", ""dist"": 1.4146403336318694}]",1,140956067
2038700390,동원엘리베이터 주식회사,2410,운반·물류 장비 (지게차·엘리베이터),41,경기,True,8.30078101525135,1,False,False,0.7419485018261047,0.3478024384964343,5758601356,(주)해성이엔지,0.20675496096573406,"[{""brn"": ""5758601356"", ""name"": ""(\uc8fc)\ud574\uc131\uc774\uc5d4\uc9c0"", ""dist"": 0.20675496096573406}, {""brn"": ""7678800168"", ""name"": ""\uac70\uc131\uc774\uc5d4\uc9c0 \uc8fc\uc2dd\ud68c\uc0ac"", ""dist"": 0.29207148395991267}, {""brn"": ""1378602279"", ""name"": ""\uc8fc\uc2dd\ud68c\uc0ac \uc815\ubb38\uc774\uc5d4\uc774"", ""dist"": 0.5445808705636562}, {""brn"": ""5508702203"", ""name"": ""\uc8fc\uc2dd\ud68c\uc0ac \uc6f0\uc2a4\ud14c\ud06c"", ""dist"": 0.6140725546153661}, {""brn"": ""1408166366"", ""name"": ""\uace0\uac15\uc528\uc564\ud53c \uc8fc\uc2dd\ud68c\uc0ac"", ""dist"": 1.4142136042156248}]",1,140163000
6211522334,고연호이스트,2410,운반·물류 장비 (지게차·엘리베이터),,지역미상,True,9.532813869460796,1,False,False,0.736434703307271,0.35789364014090835,3178145428,주식회사 백선,0.19265021321266698,"[{""brn"": ""3178145428"", ""name"": ""\uc8fc\uc2dd\ud68c\uc0ac \ubc31\uc120"", ""dist"": 0.19265021321266698}, {""brn"": ""7088701142"", ""name"": ""\uc8fc\uc2dd\ud68c\uc0ac \ub2e4\uc6d0\uc5d8\ub9ac\ubca0\uc774\ud130"", ""dist"": 0.3639712956767835}, {""brn"": ""1398701986"", ""name"": ""\uc8fc\uc2dd\ud68c\uc0ac \uc0bc\uc131\uc5d4\ube44\ucf54"", ""dist"": 0.5170594115332747}, {""brn"": ""2363501430"", ""name"": ""\ub514\ud53c\uc5d0\uc2a4\ud14c\ud06c\ub180\ub85c\uc9c0"", ""dist"": 0.94708220888297}, {""brn"": ""4090939947"", ""name"": ""\ud55c\uad6d\uc774\uc5d4\uc9c0"", ""dist"": 1.4142805088371935}]",1,140956067
5060351162,태광기전,3912,전기 설비 (배전반·계장제어·UPS),,지역미상,True,17.35485356829721,1,False,False,0.7331532585543263,0.36397129567678305,4088177231,주식회사 세강엔지니어링,0.10320547136392898,"[{""brn"": ""4088177231"", ""name"": ""\uc8fc\uc2dd\ud68c\uc0ac \uc138\uac15\uc5d4\uc9c0\ub2c8\uc5b4\ub9c1"", ""dist"": 0.10320547136392898}, {""brn"": ""5108122946"", ""name"": ""\uc8fc\uc2dd\ud68c\uc0ac \uc5d0\uc2a4\uc5d0\uc774\uce58"", ""dist"": 0.43931128977244915}, {""brn"": ""1378128430"", ""name"": ""(\uc8fc)\ud53c\ub2c9\uc2a4"", ""dist"": 0.5493971258939709}, {""brn"": ""2978700041"", ""name"": ""(\uc8fc)\uc5d0\uc774\uc2dc\uc5d0\uc2a4"", ""dist"": 0.8029385672113524}, {""brn"": ""5518600119"", ""name"": ""\uc2e0\uc815\ubcf4\uac1c\ubc1c\uc8fc\uc2dd\ud68c\uc0ac"", ""dist"": 0.829083953290214}]",1,556154800
1388156619,주식회사 세이프퀴슬,3912,전기 설비 (배전반·계장제어·UPS),41,경기,True,15.575250556661343,1,False,False,0.7298398399388558,0.3701636239586175,1288213643,홍애원,0.1964344138293408,"[{""brn"": ""1288213643"", ""name"": ""\ud64d\uc560\uc6d0"", ""dist"": 0.1964344138293408}, {""brn"": ""1308217735"", ""name"": ""\uc0ac\ub2e8\ubc95\uc778 \ud55c\uad6d\uc7a5\uc560\uc778\ud611\ud68c"", ""dist"": 0.4073175936496312}, {""brn"": ""1408180747"", ""name"": ""\uc720\ube44\uc2a4 \uc8fc\uc2dd\ud68c\uc0ac"", ""dist"": 0.5067388643968807}, {""brn"": ""1268630417"", ""name"": ""\uc8fc\uc2dd\ud68c\uc0ac \uadf8\ub9b0\ud30c\uc6cc\ud14c\ud06c\ub180\ub85c\uc9c0"", ""dist"": 0.5617817824576429}, {""brn"": ""1138630217"", ""name"": ""\uc8fc\uc2dd\ud68c\uc0ac \uc2a4\ub9c8\ud2b8\ud30c\uc6cc"", ""dist"": 0.6553547431609359}]",3,1136720000
5738801941,주식회사 대신,3912,전기 설비 (배전반·계장제어·UPS),42,강원,True,4.295305313677086,1,False,False,0.7102244327751309,0.40800563012539587,5318801914,(주)이엔에이치시스템,0.07121177524112304,"[{""brn"": ""5318801914"", ""name"": ""(\uc8fc)\uc774\uc5d4\uc5d0\uc774\uce58\uc2dc\uc2a4\ud15c"", ""dist"": 0.07121177524112304}, {""brn"": ""8308601724"", ""name"": ""\uc8fc\uc2dd\ud68c\uc0ac \ubbff\uc74c\uc774\uc5d4\uc9c0"", ""dist"": 0.20572290625209508}, {""brn"": ""2208876247"", ""name"": ""\uc8fc\uc2dd\ud68c\uc0ac  \uc131\uc6d0\uc804\uae30"", ""dist"": 0.9470822088829696}, {""brn"": ""2168701696"", ""name"": ""\uc8fc\uc2dd\ud68c\uc0ac \ud22c\ube44\ucf64"", ""dist"": 1.4316220755936864}, {""brn"": ""2398601386"", ""name"": ""\uc8fc\uc2dd\ud68c\uc0ac\uac00\ub098"", ""dist"": 1.435445135297124}]",1,265262000
1342261302,프로엔지니어링,4710,수처리 약품 (응집제·여과재),41,경기,True,12.40481934516237,1,False,False,0.7091271122263917,0.4101844122986318,1258197083,주식회사 이앤에프,0.08910072361086158,"[{""brn"": ""1258197083"", ""name"": ""\uc8fc\uc2dd\ud68c\uc0ac \uc774\uc564\uc5d0\ud504"", ""dist"": 0.08910072361086158}, {""brn"": ""8921600526"", ""name"": ""\uc81c\uc774\uc528\uc774\uc5d4\uc9c0"", ""dist"": 0.4864417883619767}, {""brn"": ""1141708314"", ""name"": ""\ubbf8\uc131\uc5d4\uc9c0\ub2c8\uc5b4\ub9c1"", ""dist"": 0.655010724923057}, {""brn"": ""5438101257"", ""name"": ""\uc8fc\uc2dd\ud68c\uc0ac \uc640\uc774\uc81c\uc774\uc5d4\ud14d"", ""dist"": 0.7382631384899586}, {""brn"": ""4468801727"", ""name"": ""\uc8fc\uc2dd\ud68c\uc0ac \uc131\uc2e0"", ""dist"": 0.7970902571673961}]",4,743652100
2228128039,(주)수목원,3912,전기 설비 (배전반·계장제어·UPS),42,강원,True,9.223436730514868,1,False,False,0.6994017203678384,0.42979345185777795,2208876247,주식회사  성원전기,0.32784938069941033,"[{""brn"": ""2208876247"", ""name"": ""\uc8fc\uc2dd\ud68c\uc0ac  \uc131\uc6d0\uc804\uae30"", ""dist"": 0.32784938069941033}, {""brn"": ""8308601724"", ""name"": ""\uc8fc\uc2dd\ud68c\uc0ac \ubbff\uc74c\uc774\uc5d4\uc9c0"", ""dist"": 0.4135099219314692}, {""brn"": ""5318801914"", ""name"": ""(\uc8fc)\uc774\uc5d4\uc5d0\uc774\uce58\uc2dc\uc2a4\ud15c"", ""dist"": 0.5480210529424543}, {""brn"": ""1638200078"", ""name"": ""\uc0ac\ub2e8\ubc95\uc778 \uc7a5\uc6b0\uc804\uae30"", ""dist"": 1.4142169516139977}, {""brn"": ""4608800350"", ""name"": ""\uc8fc\uc2dd\ud68c\uc0ac \uc5d0\uc2a4\uc5e0\ud14c\ud06c"", ""dist"": 1.4170176212552825}]",1,23875200
1210387173,남성엔지니어링,2410,운반·물류 장비 (지게차·엘리베이터),41,경기,True,13.499959660015211,1,False,False,0.6928447256916844,0.44332483588104776,1378602279,주식회사 정문이엔이,0.10870976317000657,"[{""brn"": ""1378602279"", ""name"": ""\uc8fc\uc2dd\ud68c\uc0ac \uc815\ubb38\uc774\uc5d4\uc774"", ""dist"": 0.10870976317000657}, {""brn"": ""7678800168"", ""name"": ""\uac70\uc131\uc774\uc5d4\uc9c0 \uc8fc\uc2dd\ud68c\uc0ac"", ""dist"": 0.3612191497737453}, {""brn"": ""5758601356"", ""name"": ""(\uc8fc)\ud574\uc131\uc774\uc5d4\uc9c0"", ""dist"": 0.8600455946993913}, {""brn"": ""5508702203"", ""name"": ""\uc8fc\uc2dd\ud68c\uc0ac \uc6f0\uc2a4\ud14c\ud06c"", ""dist"": 1.2673631883490235}, {""brn"": ""1408160703"", ""name"": ""\uc8fc\uc2dd\ud68c\uc0ac \ud14c\uc2a4\ud1a0\ub2c9"", ""dist"": 1.4144070290004656}]",1,38358432
3128165448,주식회사용광전기,3912,전기 설비 (배전반·계장제어·UPS),,지역미상,True,21.08380634037113,1,False,False,0.6890127615776392,0.4513519280982406,1378128430,(주)피닉스,0.08084428590174339,"[{""brn"": ""1378128430"", ""name"": ""(\uc8fc)\ud53c\ub2c9\uc2a4"", ""dist"": 0.08084428590174339}, {""brn"": ""4088177231"", ""name"": ""\uc8fc\uc2dd\ud68c\uc0ac \uc138\uac15\uc5d4\uc9c0\ub2c8\uc5b4\ub9c1"", ""dist"": 0.3653473686283005}, {""brn"": ""5108122946"", ""name"": ""\uc8fc\uc2dd\ud68c\uc0ac \uc5d0\uc2a4\uc5d0\uc774\uce58"", ""dist"": 0.9078641297646779}, {""brn"": ""2978700041"", ""name"": ""(\uc8fc)\uc5d0\uc774\uc2dc\uc5d0\uc2a4"", ""dist"": 1.2714914072035806}, {""brn"": ""5518600119"", ""name"": ""\uc2e0\uc815\ubcf4\uac1c\ubc1c\uc8fc\uc2dd\ud68c\uc0ac"", ""dist"": 1.2976367932824415}]",1,329000000
1328802638,주식회사 로간,4015,펌프·압축기 (수중펌프·공기압축기),41,경기,True,2.167995252075443,1,False,False,0.6610186938231272,0.5128165199327572,6758601428,엔에스펌프 주식회사,0.3326656360297251,"[{""brn"": ""6758601428"", ""name"": ""\uc5d4\uc5d0\uc2a4\ud38c\ud504 \uc8fc\uc2dd\ud68c\uc0ac"", ""dist"": 0.3326656360297251}, {""brn"": ""8118601460"", ""name"": ""\uc8fc\uc2dd\ud68c\uc0ac \ub300\uad11\ud38c\ud504"", ""dist"": 0.5524932900348892}, {""brn"": ""2508601229"", ""name"": ""\uc8fc\uc2dd\ud68c\uc0ac \ud55c\uad6d\ud38c\ud504\uc564\uc2dc\uc2a4\ud15c\uc988"", ""dist"": 0.6532906337336575}, {""brn"": ""1408166366"", ""name"": ""\uace0\uac15\uc528\uc564\ud53c \uc8fc\uc2dd\ud68c\uc0ac"", ""dist"": 0.7709448710885346}, {""brn"": ""8252000294"", ""name"": ""\ud0dc\uc131\uc774\uc5d4\uc9c0"", ""dist"": 0.8005304395461936}]",1,51500000
4098700246,주식회사 에스엘랩,4111,계측 장비 (계측기·수질분석기·유량계),41,경기,True,10.59236212408092,1,False,False,0.6553063261234003,0.5260038857181588,8338700207,케이앤제이엔지니어링주식회사,0.022361185462215483,"[{""brn"": ""8338700207"", ""name"": ""\ucf00\uc774\uc564\uc81c\uc774\uc5d4\uc9c0\ub2c8\uc5b4\ub9c1\uc8fc\uc2dd\ud68c\uc0ac"", ""dist"": 0.022361185462215483}, {""brn"": ""1238613893"", ""name"": ""\uc8fc\uc2dd\ud68c\uc0ac \uadf8\ub9b0\ud50c\ub85c\uc6b0"", ""dist"": 0.7675046887097374}, {""brn"": ""2145700618"", ""name"": ""\uc120\uc6b0\uc2dc\uc2a4\ud15c"", ""dist"": 0.7881457829825236}, {""brn"": ""7678800168"", ""name"": ""\uac70\uc131\uc774\uc5d4\uc9c0 \uc8fc\uc2dd\ud68c\uc0ac"", ""dist"": 1.4142195876846395}, {""brn"": ""1138630217"", ""name"": ""\uc8fc\uc2dd\ud68c\uc0ac \uc2a4\ub9c8\ud2b8\ud30c\uc6cc"", ""dist"": 1.4145158423500448}]",8,3158143000
3028126531,주식회사 세운,4015,펌프·압축기 (수중펌프·공기압축기),,지역미상,True,1.984559249337592,1,False,False,0.6515850723226475,0.5347190144111018,5398800715,대성공업주식회사,0.4627045299482724,"[{""brn"": ""5398800715"", ""name"": ""\ub300\uc131\uacf5\uc5c5\uc8fc\uc2dd\ud68c\uc0ac"", ""dist"": 0.4627045299482724}, {""brn"": ""2448101404"", ""name"": ""\uc8fc\uc2dd\ud68c\uc0ac \uc11c\uc9c4\uc5d4\ud14d"", ""dist"": 0.5125871744408373}, {""brn"": ""2632300779"", ""name"": ""\ucc9c\uc9c0\ud558\uc774\ud14d"", ""dist"": 0.6288653388441957}, {""brn"": ""6468600756"", ""name"": ""\uc8fc\uc2dd\ud68c\uc0ac \ud558\ubc31"", ""dist"": 0.7045493511777415}, {""brn"": ""3578600837"", ""name"": ""\uc8fc\uc2dd\ud68c\uc0ac\uc218\uc601\uc0b0\uc5c5"", ""dist"": 0.7847056006037243}]",1,32750000
1138155950,(주)한양펌프,4015,펌프·압축기 (수중펌프·공기압축기),41,경기,True,25.90516157651076,1,False,False,0.6501918499378418,0.5380075897530853,1368115816,주식회사 대영파워펌프,0.048506571541059584,"[{""brn"": ""1368115816"", ""name"": ""\uc8fc\uc2dd\ud68c\uc0ac \ub300\uc601\ud30c\uc6cc\ud38c\ud504"", ""dist"": 0.048506571541059584}, {""brn"": ""1248104733"", ""name"": ""\ud558\uc9c0\uacf5\uc5c5(\uc8fc)"", ""dist"": 0.15067998819133246}, {""brn"": ""1248153442"", ""name"": ""\uc8fc\uc2dd\ud68c\uc0ac \ub2e4\uc194\uacfc\ud559"", ""dist"": 1.4148362095268636}, {""brn"": ""1338128627"", ""name"": ""\uc8fc\uc2dd\ud68c\uc0ac\uc77c\ub809\ucf64"", ""dist"": 1.4149759369993502}, {""brn"": ""1338122055"", ""name"": ""(\uc8fc)\ucc9c\ubcf4\uc5d4\uc9c0\ub2c8\uc5b4\ub9c1"", ""dist"": 1.4151547061469512}]",2,135279000
7791401913,태경컴퍼니,4111,계측 장비 (계측기·수질분석기·유량계),26,부산,False,3.3945524047106246,1,False,False,0.6481853126117184,0.5427686813370125,6122552599,안가,0.015824838942489112,"[{""brn"": ""6122552599"", ""name"": ""\uc548\uac00"", ""dist"": 0.015824838942489112}, {""brn"": ""6578702144"", ""name"": ""\uc8fc\uc2dd\ud68c\uc0ac \ucf00\uc774\uc640\uc774\uc5d0\uc774\uce58"", ""dist"": 0.1981545050187419}, {""brn"": ""8515300966"", ""name"": ""\ub3d9\ud654\uc0c1\uc0ac"", ""dist"": 1.4143267000498065}, {""brn"": ""6706200447"", ""name"": ""\uc5d0\uc2a4\uc5d4\ucef4\ud37c\ub2c8"", ""dist"": 1.4159880786866352}, {""brn"": ""6068664989"", ""name"": ""\uc8fc\uc2dd\ud68c\uc0ac \ub300\uc77c\ubc14\uc774\uc624\uba54\ub4dc"", ""dist"": 1.4168893295556084}]",1,56765920
1228156123,주식회사 지천펌프공업,4015,펌프·압축기 (수중펌프·공기압축기),,지역미상,True,18.660808393759222,1,False,False,0.647520971595861,0.5443515250717356,4108164194,에스엠코리아(주),0.25629358722041956,"[{""brn"": ""4108164194"", ""name"": ""\uc5d0\uc2a4\uc5e0\ucf54\ub9ac\uc544(\uc8fc)"", ""dist"": 0.25629358722041956}, {""brn"": ""4128139124"", ""name"": ""\uc8fc\uc2dd\ud68c\uc0ac \ud638\ube4c\uc2a4"", ""dist"": 0.3577789673949475}, {""brn"": ""4608800189"", ""name"": ""\uc8fc\uc2dd\ud68c\uc0ac \uc77c\ub3c4"", ""dist"": 1.0189820205998397}, {""brn"": ""4090939947"", ""name"": ""\ud55c\uad6d\uc774\uc5d4\uc9c0"", ""dist"": 1.1607175346062997}, {""brn"": ""5928100740"", ""name"": ""\uc8fc\uc2dd\ud68c\uc0ac \ub0a8\uac15\ud38c\ud504"", ""dist"": 1.2463780758383582}]",2,554222020
6058157966,해연테크주식회사,4111,계측 장비 (계측기·수질분석기·유량계),26,부산,False,5.436989091911172,1,False,False,0.632117147611849,0.5819852439979198,6578702144,주식회사 케이와이에이치,0.058483100439557865,"[{""brn"": ""6578702144"", ""name"": ""\uc8fc\uc2dd\ud68c\uc0ac \ucf00\uc774\uc640\uc774\uc5d0\uc774\uce58"", ""dist"": 0.058483100439557865}, {""brn"": ""6122552599"", ""name"": ""\uc548\uac00"", ""dist"": 0.2724624444007681}, {""brn"": ""8800301895"", ""name"": ""\ubca0\uc5b4\uc601\ucef4\ud37c\ub2c8"", ""dist"": 1.4150101871534335}, {""brn"": ""7342601117"", ""name"": ""\uc5d0\ubca4\uc5d0\uc140"", ""dist"": 1.4150809430881337}, {""brn"": ""2201169007"", ""name"": ""\ub300\uacbd\uc2dc\uc2a4\ud15c"", ""dist"": 1.416784708096405}]",1,30861040
1308651217,주식회사 엠비티,4710,수처리 약품 (응집제·여과재),41,경기,True,14.299412089857784,1,False,False,0.62938819262254,0.5888445505041836,1258197083,주식회사 이앤에프,0.14895989700193485,"[{""brn"": ""1258197083"", ""name"": ""\uc8fc\uc2dd\ud68c\uc0ac \uc774\uc564\uc5d0\ud504"", ""dist"": 0.14895989700193485}, {""brn"": ""8921600526"", ""name"": ""\uc81c\uc774\uc528\uc774\uc5d4\uc9c0"", ""dist"": 0.7245024089747678}, {""brn"": ""1141708314"", ""name"": ""\ubbf8\uc131\uc5d4\uc9c0\ub2c8\uc5b4\ub9c1"", ""dist"": 0.8930713455358482}, {""brn"": ""5438101257"", ""name"": ""\uc8fc\uc2dd\ud68c\uc0ac \uc640\uc774\uc81c\uc774\uc5d4\ud14d"", ""dist"": 0.9763237591027495}, {""brn"": ""4468801727"", ""name"": ""\uc8fc\uc2dd\ud68c\uc0ac \uc131\uc2e0"", ""dist"": 1.0351508777801872}]",4,743652100
4120793190,삼일종합목재,3010,건자재 (골재·목재),,지역미상,True,19.876414143245874,1,False,False,0.628124553390405,0.5920409329683685,3108118099,주식회사 보민환경,0.1372632769140244,"[{""brn"": ""3108118099"", ""name"": ""\uc8fc\uc2dd\ud68c\uc0ac \ubcf4\ubbfc\ud658\uacbd"", ""dist"": 0.1372632769140244}, {""brn"": ""4158116270"", ""name"": ""\uc8fc\uc2dd\ud68c\uc0ac \uae08\ud638\ud658\uacbd"", ""dist"": 0.2246439093354814}, {""brn"": ""4120824292"", ""name"": ""\ubc00\uc54c\uae30\ud68d"", ""dist"": 1.4142156126555996}, {""brn"": ""1248169416"", ""name"": ""\uc720\ub9bc\ud574\uc77c\uc8fc\uc2dd\ud68c\uc0ac"", ""dist"": 1.414401381020234}, {""brn"": ""6138139386"", ""name"": ""\ub3d9\uac74\ud658\uacbd \uc8fc\uc2dd\ud68c\uc0ac"", ""dist"": 1.414474677499753}]",6,487270700
1408198801,랜드주식회사,1216,실험·분석 시약 (살균제·시약키트),11,서울,False,0.7744292014252034,1,False,False,0.6241370849644057,0.6022121166811131,5156016686,체리몬,0.13657524043826413,"[{""brn"": ""5156016686"", ""name"": ""\uccb4\ub9ac\ubaac"", ""dist"": 0.13657524043826413}, {""brn"": ""2893001481"", ""name"": ""\uc11c\uc628\uc0c1\uc0ac"", ""dist"": 0.25078929541434297}, {""brn"": ""2941602394"", ""name"": ""\ubc94\uc564\uc815"", ""dist"": 1.4192718141907321}, {""brn"": ""2473400512"", ""name"": ""\ube0c\ub9bf\uc9c0"", ""dist"": 1.4251826791773066}, {""brn"": ""6191578121"", ""name"": ""\ub098\ub098\ucef4\ud37c\ub2c8"", ""dist"": 1.4299518801571578}]",1,179721862
6998803260,주식회사 이노퀀텀,1216,실험·분석 시약 (살균제·시약키트),11,서울,False,0.7005072301726367,1,False,False,0.6216293445658841,0.6086756662016201,5156016686,체리몬,0.14586373286101698,"[{""brn"": ""5156016686"", ""name"": ""\uccb4\ub9ac\ubaac"", ""dist"": 0.14586373286101698}, {""brn"": ""2893001481"", ""name"": ""\uc11c\uc628\uc0c1\uc0ac"", ""dist"": 0.2600777878370935}, {""brn"": ""2941602394"", ""name"": ""\ubc94\uc564\uc815"", ""dist"": 1.4200854779067498}, {""brn"": ""2473400512"", ""name"": ""\ube0c\ub9bf\uc9c0"", ""dist"": 1.4263626595627839}, {""brn"": ""6191578121"", ""name"": ""\ub098\ub098\ucef4\ud37c\ub2c8"", ""dist"": 1.4313556549423188}]",1,179721862
1221966060,태원테크,4111,계측 장비 (계측기·수질분석기·유량계),41,경기,True,6.7675845744573735,1,False,False,0.5983386809943475,0.6712942548493653,2145700618,선우시스템,0.30755230466450273,"[{""brn"": ""2145700618"", ""name"": ""\uc120\uc6b0\uc2dc\uc2a4\ud15c"", ""dist"": 0.30755230466450273}, {""brn"": ""8338700207"", ""name"": ""\ucf00\uc774\uc564\uc81c\uc774\uc5d4\uc9c0\ub2c8\uc5b4\ub9c1\uc8fc\uc2dd\ud68c\uc0ac"", ""dist"": 0.45823229285583633}, {""brn"": ""1238613893"", ""name"": ""\uc8fc\uc2dd\ud68c\uc0ac \uadf8\ub9b0\ud50c\ub85c\uc6b0"", ""dist"": 1.248098167027757}, {""brn"": ""4918801464"", ""name"": ""\uc9c4\uc601\uc0b0\uc5c5\uc8fc\uc2dd\ud68c\uc0ac"", ""dist"": 1.4142136042156248}, {""brn"": ""3960401683"", ""name"": ""\ub9b0\uae30\ud68d"", ""dist"": 1.4142186253102123}]",1,52250000
4108175954,(주) 남일,4015,펌프·압축기 (수중펌프·공기압축기),,지역미상,True,21.03178717541562,1,False,False,0.5982976299155661,0.6714089275953233,4108164194,에스엠코리아(주),0.041626206783446765,"[{""brn"": ""4108164194"", ""name"": ""\uc5d0\uc2a4\uc5e0\ucf54\ub9ac\uc544(\uc8fc)"", ""dist"": 0.041626206783446765}, {""brn"": ""4128139124"", ""name"": ""\uc8fc\uc2dd\ud68c\uc0ac \ud638\ube4c\uc2a4"", ""dist"": 0.6556987613988159}, {""brn"": ""4608800189"", ""name"": ""\uc8fc\uc2dd\ud68c\uc0ac \uc77c\ub3c4"", ""dist"": 1.3169018146037077}, {""brn"": ""3108118099"", ""name"": ""\uc8fc\uc2dd\ud68c\uc0ac \ubcf4\ubbfc\ud658\uacbd"", ""dist"": 1.4142356968984655}, {""brn"": ""3018178604"", ""name"": ""\uc5d0\uc2a4\uc5e0\uc0b0\uc5c5\uac1c\ubc1c \uc8fc\uc2dd\ud68c\uc0ac"", ""dist"": 1.4149646873783734}]",2,554222020
8788702907,주식회사 진영,3912,전기 설비 (배전반·계장제어·UPS),42,강원,True,2.1871602075853676,1,False,False,0.5977644780285467,0.6728996732928052,5318801914,(주)이엔에이치시스템,0.3361058184085249,"[{""brn"": ""5318801914"", ""name"": ""(\uc8fc)\uc774\uc5d4\uc5d0\uc774\uce58\uc2dc\uc2a4\ud15c"", ""dist"": 0.3361058184085249}, {""brn"": ""8308601724"", ""name"": ""\uc8fc\uc2dd\ud68c\uc0ac \ubbff\uc74c\uc774\uc5d4\uc9c0"", ""dist"": 0.47061694941950777}, {""brn"": ""2208876247"", ""name"": ""\uc8fc\uc2dd\ud68c\uc0ac  \uc131\uc6d0\uc804\uae30"", ""dist"": 1.211976252050383}, {""brn"": ""4618603491"", ""name"": ""\uc8fc\uc2dd\ud68c\uc0ac \ub3d9\uc131\ud14c\ud06c"", ""dist"": 1.4184385353505224}, {""brn"": ""2168701696"", ""name"": ""\uc8fc\uc2dd\ud68c\uc0ac \ud22c\ube44\ucf64"", ""dist"": 1.4958712336571323}]",1,265262000
1268175234,(주)유브이플러스,4710,수처리 약품 (응집제·여과재),41,경기,True,22.099548982397142,1,False,False,0.5967826899026711,0.6756518191958437,1298149486,주식회사 가나이엠티,0.12969487568067134,"[{""brn"": ""1298149486"", ""name"": ""\uc8fc\uc2dd\ud68c\uc0ac \uac00\ub098\uc774\uc5e0\ud2f0"", ""dist"": 0.12969487568067134}, {""brn"": ""1238132745"", ""name"": ""\uc8fc\uc2dd\ud68c\uc0ac \ud64d\uc6b0\uc5d4\uc9c0\ub2c8\uc5b4\ub9c1"", ""dist"": 0.7681927251854981}, {""brn"": ""1258197083"", ""name"": ""\uc8fc\uc2dd\ud68c\uc0ac \uc774\uc564\uc5d0\ud504"", ""dist"": 1.1290678567213617}, {""brn"": ""6138134440"", ""name"": ""\uc8fc\uc2dd\ud68c\uc0ac \uc11c\uc815\uac1c\ubc1c"", ""dist"": 1.4146660587909443}, {""brn"": ""5038154421"", ""name"": ""\uc8fc\uc2dd\ud68c\uc0ac \uc544\uc774\uc5d4\ud14d"", ""dist"": 1.4346276850921105}]",1,1117000000
1692701004,티아이에스,4111,계측 장비 (계측기·수질분석기·유량계),26,부산,False,6.868885053581261,1,False,False,0.5876241115778823,0.7017681546708662,6578702144,주식회사 케이와이에이치,0.23840463885067442,"[{""brn"": ""6578702144"", ""name"": ""\uc8fc\uc2dd\ud68c\uc0ac \ucf00\uc774\uc640\uc774\uc5d0\uc774\uce58"", ""dist"": 0.23840463885067442}, {""brn"": ""6122552599"", ""name"": ""\uc548\uac00"", ""dist"": 0.4523839828118791}, {""brn"": ""4544300562"", ""name"": ""\uc2dc\uc18c\ucee4\ubba4\ub2c8\ucf00\uc774\uc158"", ""dist"": 1.4145158423500448}, {""brn"": ""7342601117"", ""name"": ""\uc5d0\ubca4\uc5d0\uc140"", ""dist"": 1.42021114760531}, {""brn"": ""8800301895"", ""name"": ""\ubca0\uc5b4\uc601\ucef4\ud37c\ub2c8"", ""dist"": 1.4204021309215198}]",1,30861040
6011803635,티제이엔테크,4710,수처리 약품 (응집제·여과재),42,강원,True,8.396605792800974,1,False,False,0.5857128607972734,0.7073212267164463,6848101091,주식회사 청림,0.04506638916226004,"[{""brn"": ""6848101091"", ""name"": ""\uc8fc\uc2dd\ud68c\uc0ac \uccad\ub9bc"", ""dist"": 0.04506638916226004}, {""brn"": ""1138600843"", ""name"": ""\ucf00\uc774\uc5d0\uc2a4\uc774\uc5d4\uc9c0\uc8fc\uc2dd\ud68c\uc0ac"", ""dist"": 0.6625791261564118}, {""brn"": ""8921600526"", ""name"": ""\uc81c\uc774\uc528\uc774\uc5d4\uc9c0"", ""dist"": 1.4143181648306669}, {""brn"": ""8908100440"", ""name"": ""\uc5d0\uc774\uce58\ub354\ube14\uc720\uc5d4\ud14d(\uc8fc)"", ""dist"": 1.4145676732168813}, {""brn"": ""4678100901"", ""name"": ""\uc8fc\uc2dd\ud68c\uc0ac \uc5d4\ubc14\uc774\ub85c\ud14d"", ""dist"": 1.414856786842384}]",7,598673710
2248156832,(주) 맑은나라,4710,수처리 약품 (응집제·여과재),42,강원,True,13.33021291121302,1,False,False,0.5856971880433928,0.7073669131665912,1138600843,케이에스이엔지주식회사,0.04265826149710129,"[{""brn"": ""1138600843"", ""name"": ""\ucf00\uc774\uc5d0\uc2a4\uc774\uc5d4\uc9c0\uc8fc\uc2dd\ud68c\uc0ac"", ""dist"": 0.04265826149710129}, {""brn"": ""6848101091"", ""name"": ""\uc8fc\uc2dd\ud68c\uc0ac \uccad\ub9bc"", ""dist"": 0.6649872538215696}, {""brn"": ""1258196954"", ""name"": ""\uc8fc\uc2dd\ud68c\uc0ac \ud558\uc774\ud074\ub85c"", ""dist"": 1.4144552241811026}, {""brn"": ""1258197083"", ""name"": ""\uc8fc\uc2dd\ud68c\uc0ac \uc774\uc564\uc5d0\ud504"", ""dist"": 1.414474677499753}, {""brn"": ""1400493111"", ""name"": ""\uae08\uc815\uacf5\uc5c5"", ""dist"": 1.4164833300544137}]",7,901166010
5688700491,주식회사 태성이엔지,4710,수처리 약품 (응집제·여과재),42,강원,True,9.048214280138414,1,False,False,0.5856228750264586,0.7075835706636626,6848101091,주식회사 청림,0.12694272977762824,"[{""brn"": ""6848101091"", ""name"": ""\uc8fc\uc2dd\ud68c\uc0ac \uccad\ub9bc"", ""dist"": 0.12694272977762824}, {""brn"": ""1138600843"", ""name"": ""\ucf00\uc774\uc5d0\uc2a4\uc774\uc5d4\uc9c0\uc8fc\uc2dd\ud68c\uc0ac"", ""dist"": 0.5807027855410285}, {""brn"": ""8908100440"", ""name"": ""\uc5d0\uc774\uce58\ub354\ube14\uc720\uc5d4\ud14d(\uc8fc)"", ""dist"": 1.4151051966723314}, {""brn"": ""8921600526"", ""name"": ""\uc81c\uc774\uc528\uc774\uc5d4\uc9c0"", ""dist"": 1.4156916723214472}, {""brn"": ""4678100901"", ""name"": ""\uc8fc\uc2dd\ud68c\uc0ac \uc5d4\ubc14\uc774\ub85c\ud14d"", ""dist"": 1.419686186142315}]",7,598673710
1308651686,주식회사 미래로택,4111,계측 장비 (계측기·수질분석기·유량계),41,경기,True,15.892841247968667,1,False,False,0.5764074025759427,0.7348840343323806,1238613893,주식회사 그린플로우,0.10148538017452945,"[{""brn"": ""1238613893"", ""name"": ""\uc8fc\uc2dd\ud68c\uc0ac \uadf8\ub9b0\ud50c\ub85c\uc6b0"", ""dist"": 0.10148538017452945}, {""brn"": ""8338700207"", ""name"": ""\ucf00\uc774\uc564\uc81c\uc774\uc5d4\uc9c0\ub2c8\uc5b4\ub9c1\uc8fc\uc2dd\ud68c\uc0ac"", ""dist"": 0.6883804939973922}, {""brn"": ""1248687461"", ""name"": ""\ub514\uc544\uc774\ub514\uc2dc\uc2a4\ud15c \uc8fc\uc2dd\ud68c\uc0ac"", ""dist"": 1.41478622882522}, {""brn"": ""6058143424"", ""name"": ""\uc8fc\uc2dd\ud68c\uc0ac\uc9c0\ud14d"", ""dist"": 1.4183856360695697}, {""brn"": ""1408134210"", ""name"": ""\uc8fc\uc2dd\ud68c\uc0ac \ube44\uc2a4"", ""dist"": 1.4208261270811515}]",2,63076750
4218802561,주식회사 디에이치테크,3912,전기 설비 (배전반·계장제어·UPS),,지역미상,True,3.517755690131569,1,False,False,0.5753628059642272,0.7380337929980381,3378100823,주식회사 티앤제이,0.49848242668776693,"[{""brn"": ""3378100823"", ""name"": ""\uc8fc\uc2dd\ud68c\uc0ac \ud2f0\uc564\uc81c\uc774"", ""dist"": 0.49848242668776693}, {""brn"": ""4608800350"", ""name"": ""\uc8fc\uc2dd\ud68c\uc0ac \uc5d0\uc2a4\uc5e0\ud14c\ud06c"", ""dist"": 0.8060347313522702}, {""brn"": ""5518600119"", ""name"": ""\uc2e0\uc815\ubcf4\uac1c\ubc1c\uc8fc\uc2dd\ud68c\uc0ac"", ""dist"": 0.909584220954077}, {""brn"": ""2978700041"", ""name"": ""(\uc8fc)\uc5d0\uc774\uc2dc\uc5d0\uc2a4"", ""dist"": 0.9357296070329377}, {""brn"": ""5108122946"", ""name"": ""\uc8fc\uc2dd\ud68c\uc0ac \uc5d0\uc2a4\uc5d0\uc774\uce58"", ""dist"": 1.2993568844718408}]",2,489000000
1304373607,넥스트솔루션,4111,계측 장비 (계측기·수질분석기·유량계),28,인천,False,9.948967189104875,1,False,False,0.5744910135782567,0.7406712661551159,6147100487,다은컴퍼니,0.6808120927640382,"[{""brn"": ""6147100487"", ""name"": ""\ub2e4\uc740\ucef4\ud37c\ub2c8"", ""dist"": 0.6808120927640382}, {""brn"": ""1371789964"", ""name"": ""\uc5d0\uc2a4\ud53c\ud2f0"", ""dist"": 0.6997330958474249}, {""brn"": ""8515300966"", ""name"": ""\ub3d9\ud654\uc0c1\uc0ac"", ""dist"": 0.8414686098538847}, {""brn"": ""2300300451"", ""name"": ""\ud55c\uc11c\uc720\ud1b5"", ""dist"": 1.4142338140128135}, {""brn"": ""3032464821"", ""name"": ""\ud6a8\uc131\uc0c1\uc0ac"", ""dist"": 1.4171268187431156}]",1,34270753
6276900194,허그매트 인천지사,4111,계측 장비 (계측기·수질분석기·유량계),28,인천,False,0.6567016175785231,1,False,False,0.5735794976883289,0.7434374904093574,8515300966,동화상사,0.3261292895100102,"[{""brn"": ""8515300966"", ""name"": ""\ub3d9\ud654\uc0c1\uc0ac"", ""dist"": 0.3261292895100102}, {""brn"": ""6147100487"", ""name"": ""\ub2e4\uc740\ucef4\ud37c\ub2c8"", ""dist"": 0.4867858065998553}, {""brn"": ""3883501352"", ""name"": ""\ub8e8\uc544\ud504\ub77c\uc784"", ""dist"": 1.417397375118207}, {""brn"": ""4137400527"", ""name"": ""\ub530\uc634\ucef4\ud37c\ub2c8"", ""dist"": 1.4215754232069866}, {""brn"": ""8393701140"", ""name"": ""\ubcf4\uc131\uae30\ud504\ud2b8"", ""dist"": 1.4312496516185773}]",1,59387060
1303520634,진영이엔티,4710,수처리 약품 (응집제·여과재),41,경기,True,19.84082208301316,1,False,False,0.5648897834752544,0.7702568346127757,1298149486,주식회사 가나이엠티,0.4135099219314681,"[{""brn"": ""1298149486"", ""name"": ""\uc8fc\uc2dd\ud68c\uc0ac \uac00\ub098\uc774\uc5e0\ud2f0"", ""dist"": 0.4135099219314681}, {""brn"": ""1258197083"", ""name"": ""\uc8fc\uc2dd\ud68c\uc0ac \uc774\uc564\uc5d0\ud504"", ""dist"": 0.8452528104705628}, {""brn"": ""1238132745"", ""name"": ""\uc8fc\uc2dd\ud68c\uc0ac \ud64d\uc6b0\uc5d4\uc9c0\ub2c8\uc5b4\ub9c1"", ""dist"": 1.0520077714362963}, {""brn"": ""1248169416"", ""name"": ""\uc720\ub9bc\ud574\uc77c\uc8fc\uc2dd\ud68c\uc0ac"", ""dist"": 1.4144813292182978}, {""brn"": ""8921600526"", ""name"": ""\uc81c\uc774\uc528\uc774\uc5d4\uc9c0"", ""dist"": 1.420795322443395}]",1,1117000000
6120810966,그린스틸,3010,건자재 (골재·목재),,지역미상,True,17.508173212376608,1,False,False,0.558382874127175,0.7908858712100186,3108118099,주식회사 보민환경,0.434839052680012,"[{""brn"": ""3108118099"", ""name"": ""\uc8fc\uc2dd\ud68c\uc0ac \ubcf4\ubbfc\ud658\uacbd"", ""dist"": 0.434839052680012}, {""brn"": ""4158116270"", ""name"": ""\uc8fc\uc2dd\ud68c\uc0ac \uae08\ud638\ud658\uacbd"", ""dist"": 0.5222196851014689}, {""brn"": ""3028119665"", ""name"": ""\uc8fc\uc2dd\ud68c\uc0ac\uc1a1\uc554"", ""dist"": 1.4155988758485751}, {""brn"": ""4088177231"", ""name"": ""\uc8fc\uc2dd\ud68c\uc0ac \uc138\uac15\uc5d4\uc9c0\ub2c8\uc5b4\ub9c1"", ""dist"": 1.4167025090516934}, {""brn"": ""6158157997"", ""name"": ""\uc8fc\uc2dd\ud68c\uc0ac \uc6b0\uc131\ub124\uc774\ucc98"", ""dist"": 1.4195661391090901}]",6,487270700
3088120291,태양금속공업주식회사,4710,수처리 약품 (응집제·여과재),,지역미상,True,16.662177319152786,1,False,False,0.5532074512247448,0.807640149795709,6138134440,주식회사 서정개발,0.6474423236897028,"[{""brn"": ""6138134440"", ""name"": ""\uc8fc\uc2dd\ud68c\uc0ac \uc11c\uc815\uac1c\ubc1c"", ""dist"": 0.6474423236897028}, {""brn"": ""4018700204"", ""name"": ""(\uc8fc)\ub3c4\uc6d0\uc5d0\ucf54\ud14d"", ""dist"": 0.7685367434233759}, {""brn"": ""8908100440"", ""name"": ""\uc5d0\uc774\uce58\ub354\ube14\uc720\uc5d4\ud14d(\uc8fc)"", ""dist"": 1.006941382274048}, {""brn"": ""4678100901"", ""name"": ""\uc8fc\uc2dd\ud68c\uc0ac \uc5d4\ubc14\uc774\ub85c\ud14d"", ""dist"": 1.081249321656075}, {""brn"": ""5688200201"", ""name"": ""\ud070\ub098\ub77c\ucc2c\uc0ac\ud68c\uc801\ud611\ub3d9\uc870\ud569"", ""dist"": 1.2855961549566504}]",1,229854600
1248661137,주식회사 반도인더스,2410,운반·물류 장비 (지게차·엘리베이터),,지역미상,True,14.378809762684615,1,False,False,0.5439594149335581,0.838372445712967,3178145428,주식회사 백선,0.41626206783450603,"[{""brn"": ""3178145428"", ""name"": ""\uc8fc\uc2dd\ud68c\uc0ac \ubc31\uc120"", ""dist"": 0.41626206783450603}, {""brn"": ""7088701142"", ""name"": ""\uc8fc\uc2dd\ud68c\uc0ac \ub2e4\uc6d0\uc5d8\ub9ac\ubca0\uc774\ud130"", ""dist"": 0.9728835767239516}, {""brn"": ""1398701986"", ""name"": ""\uc8fc\uc2dd\ud68c\uc0ac \uc0bc\uc131\uc5d4\ube44\ucf54"", ""dist"": 1.125971692580443}, {""brn"": ""6158185950"", ""name"": ""\uc8fc\uc2dd\ud68c\uc0ac \uc81c\uc77c\uc5d0\ub108\uc9c0"", ""dist"": 1.4144552241811021}, {""brn"": ""5108122946"", ""name"": ""\uc8fc\uc2dd\ud68c\uc0ac \uc5d0\uc2a4\uc5d0\uc774\uce58"", ""dist"": 1.4157232718941153}]",1,140956067
3106082709,에이원전기,3912,전기 설비 (배전반·계장제어·UPS),,지역미상,True,2.67175979690775,1,False,False,0.5422007214879224,0.8443354285028833,3378100823,주식회사 티앤제이,0.6047840621926124,"[{""brn"": ""3378100823"", ""name"": ""\uc8fc\uc2dd\ud68c\uc0ac \ud2f0\uc564\uc81c\uc774"", ""dist"": 0.6047840621926124}, {""brn"": ""4608800350"", ""name"": ""\uc8fc\uc2dd\ud68c\uc0ac \uc5d0\uc2a4\uc5e0\ud14c\ud06c"", ""dist"": 0.9123363668571154}, {""brn"": ""5518600119"", ""name"": ""\uc2e0\uc815\ubcf4\uac1c\ubc1c\uc8fc\uc2dd\ud68c\uc0ac"", ""dist"": 1.0158858564589222}, {""brn"": ""2978700041"", ""name"": ""(\uc8fc)\uc5d0\uc774\uc2dc\uc5d0\uc2a4"", ""dist"": 1.0420312425377833}, {""brn"": ""5108122946"", ""name"": ""\uc8fc\uc2dd\ud68c\uc0ac \uc5d0\uc2a4\uc5d0\uc774\uce58"", ""dist"": 1.405658519976686}]",2,489000000
1238156941,재평전기주식회사,3912,전기 설비 (배전반·계장제어·UPS),41,경기,True,21.03178717541562,1,False,False,0.5414264600748897,0.846972901659961,1338128627,주식회사일렉콤,0.5659100013122006,"[{""brn"": ""1338128627"", ""name"": ""\uc8fc\uc2dd\ud68c\uc0ac\uc77c\ub809\ucf64"", ""dist"": 0.5659100013122006}, {""brn"": ""1288213643"", ""name"": ""\ud64d\uc560\uc6d0"", ""dist"": 0.8820627619236956}, {""brn"": ""1308217735"", ""name"": ""\uc0ac\ub2e8\ubc95\uc778 \ud55c\uad6d\uc7a5\uc560\uc778\ud611\ud68c"", ""dist"": 1.0929459417439864}, {""brn"": ""1408180747"", ""name"": ""\uc720\ube44\uc2a4 \uc8fc\uc2dd\ud68c\uc0ac"", ""dist"": 1.1923672124912361}, {""brn"": ""1268630417"", ""name"": ""\uc8fc\uc2dd\ud68c\uc0ac \uadf8\ub9b0\ud30c\uc6cc\ud14c\ud06c\ub180\ub85c\uc9c0"", ""dist"": 1.247410130551997}]",7,5608500000
1258150870,주식회사 세광하이테크,3912,전기 설비 (배전반·계장제어·UPS),41,경기,True,21.102971295881055,1,False,False,0.5405538664921635,0.8499543930549188,1338128627,주식회사일렉콤,0.5569655271273263,"[{""brn"": ""1338128627"", ""name"": ""\uc8fc\uc2dd\ud68c\uc0ac\uc77c\ub809\ucf64"", ""dist"": 0.5569655271273263}, {""brn"": ""1288213643"", ""name"": ""\ud64d\uc560\uc6d0"", ""dist"": 0.8910072361085699}, {""brn"": ""1308217735"", ""name"": ""\uc0ac\ub2e8\ubc95\uc778 \ud55c\uad6d\uc7a5\uc560\uc778\ud611\ud68c"", ""dist"": 1.1018904159288603}, {""brn"": ""1408180747"", ""name"": ""\uc720\ube44\uc2a4 \uc8fc\uc2dd\ud68c\uc0ac"", ""dist"": 1.20131168667611}, {""brn"": ""1268630417"", ""name"": ""\uc8fc\uc2dd\ud68c\uc0ac \uadf8\ub9b0\ud30c\uc6cc\ud14c\ud06c\ub180\ub85c\uc9c0"", ""dist"": 1.2563546047368708}]",7,5608500000
4108628418,주식회사 울림,3010,건자재 (골재·목재),,지역미상,True,16.541711884518975,1,False,False,0.5342622430313918,0.8717399798384079,3108118099,주식회사 보민환경,0.5562774906515666,"[{""brn"": ""3108118099"", ""name"": ""\uc8fc\uc2dd\ud68c\uc0ac \ubcf4\ubbfc\ud658\uacbd"", ""dist"": 0.5562774906515666}, {""brn"": ""4158116270"", ""name"": ""\uc8fc\uc2dd\ud68c\uc0ac \uae08\ud638\ud658\uacbd"", ""dist"": 0.6436581230730251}, {""brn"": ""4188119844"", ""name"": ""\uc8fc\uc2dd\ud68c\uc0ac \uc81c\uc77c\ud658\uacbd"", ""dist"": 1.4152843257906322}, {""brn"": ""3028119665"", ""name"": ""\uc8fc\uc2dd\ud68c\uc0ac\uc1a1\uc554"", ""dist"": 1.4154365509947417}, {""brn"": ""4128139124"", ""name"": ""\uc8fc\uc2dd\ud68c\uc0ac \ud638\ube4c\uc2a4"", ""dist"": 1.4171710799553652}]",6,487270700
1238184447,(주)미광-케이아이,3912,전기 설비 (배전반·계장제어·UPS),41,경기,True,21.705298469050117,1,False,False,0.5332814565192516,0.8751823971661007,1338128627,주식회사일렉콤,0.4812815147937798,"[{""brn"": ""1338128627"", ""name"": ""\uc8fc\uc2dd\ud68c\uc0ac\uc77c\ub809\ucf64"", ""dist"": 0.4812815147937798}, {""brn"": ""1288213643"", ""name"": ""\ud64d\uc560\uc6d0"", ""dist"": 0.9666912484421158}, {""brn"": ""1308217735"", ""name"": ""\uc0ac\ub2e8\ubc95\uc778 \ud55c\uad6d\uc7a5\uc560\uc778\ud611\ud68c"", ""dist"": 1.1775744282624065}, {""brn"": ""1408180747"", ""name"": ""\uc720\ube44\uc2a4 \uc8fc\uc2dd\ud68c\uc0ac"", ""dist"": 1.276995699009656}, {""brn"": ""1268630417"", ""name"": ""\uc8fc\uc2dd\ud68c\uc0ac \uadf8\ub9b0\ud30c\uc6cc\ud14c\ud06c\ub180\ub85c\uc9c0"", ""dist"": 1.3320386170704175}]",7,5608500000
3058703183,주식회사 광인,3912,전기 설비 (배전반·계장제어·UPS),,지역미상,True,2.381547613471747,1,False,False,0.5316882581829304,0.880801361718137,3378100823,주식회사 티앤제이,0.6412499954078665,"[{""brn"": ""3378100823"", ""name"": ""\uc8fc\uc2dd\ud68c\uc0ac \ud2f0\uc564\uc81c\uc774"", ""dist"": 0.6412499954078665}, {""brn"": ""4608800350"", ""name"": ""\uc8fc\uc2dd\ud68c\uc0ac \uc5d0\uc2a4\uc5e0\ud14c\ud06c"", ""dist"": 0.9488023000723688}, {""brn"": ""5518600119"", ""name"": ""\uc2e0\uc815\ubcf4\uac1c\ubc1c\uc8fc\uc2dd\ud68c\uc0ac"", ""dist"": 1.0523517896741756}, {""brn"": ""2978700041"", ""name"": ""(\uc8fc)\uc5d0\uc774\uc2dc\uc5d0\uc2a4"", ""dist"": 1.0784971757530366}, {""brn"": ""1808802923"", ""name"": ""\uc0bc\uc131\ud658\uacbd \uc8fc\uc2dd\ud68c\uc0ac"", ""dist"": 1.4143796256263692}]",2,489000000
2068117262,주식회사 신영정보기술,3912,전기 설비 (배전반·계장제어·UPS),41,경기,True,22.43630462921439,1,False,False,0.5247140252537943,0.9058000203373994,1338128627,주식회사일렉콤,0.3894286452798847,"[{""brn"": ""1338128627"", ""name"": ""\uc8fc\uc2dd\ud68c\uc0ac\uc77c\ub809\ucf64"", ""dist"": 0.3894286452798847}, {""brn"": ""1288213643"", ""name"": ""\ud64d\uc560\uc6d0"", ""dist"": 1.0585441179560116}, {""brn"": ""1308217735"", ""name"": ""\uc0ac\ub2e8\ubc95\uc778 \ud55c\uad6d\uc7a5\uc560\uc778\ud611\ud68c"", ""dist"": 1.2694272977763017}, {""brn"": ""1408180747"", ""name"": ""\uc720\ube44\uc2a4 \uc8fc\uc2dd\ud68c\uc0ac"", ""dist"": 1.3688485685235512}, {""brn"": ""1298149486"", ""name"": ""\uc8fc\uc2dd\ud68c\uc0ac \uac00\ub098\uc774\uc5e0\ud2f0"", ""dist"": 1.4169105034977951}]",7,5608500000
5638103109,(주)태경엠텍,4111,계측 장비 (계측기·수질분석기·유량계),41,경기,True,2.080384026887216,1,False,False,0.5214941486156278,0.9175670573766294,2145700618,선우시스템,0.28140691858564276,"[{""brn"": ""2145700618"", ""name"": ""\uc120\uc6b0\uc2dc\uc2a4\ud15c"", ""dist"": 0.28140691858564276}, {""brn"": ""8338700207"", ""name"": ""\ucf00\uc774\uc564\uc81c\uc774\uc5d4\uc9c0\ub2c8\uc5b4\ub9c1\uc8fc\uc2dd\ud68c\uc0ac"", ""dist"": 1.0471915161059788}, {""brn"": ""5508702203"", ""name"": ""\uc8fc\uc2dd\ud68c\uc0ac \uc6f0\uc2a4\ud14c\ud06c"", ""dist"": 1.4241027374382667}, {""brn"": ""5503201432"", ""name"": ""\uc9c0\uc628\ud14c\ud06c"", ""dist"": 1.4318905129745072}, {""brn"": ""6758601428"", ""name"": ""\uc5d4\uc5d0\uc2a4\ud38c\ud504 \uc8fc\uc2dd\ud68c\uc0ac"", ""dist"": 1.4553734810166263}]",1,52250000
4180731682,제이비엘테크,4111,계측 장비 (계측기·수질분석기·유량계),45,전북,False,11.293251925586736,1,False,False,0.5129092731114561,0.9496625474008503,8811900022,포낙에이치에이(HA),0.018921003083389353,"[{""brn"": ""8811900022"", ""name"": ""\ud3ec\ub099\uc5d0\uc774\uce58\uc5d0\uc774(HA)"", ""dist"": 0.018921003083389353}, {""brn"": ""1243837427"", ""name"": ""\ud654\uc778\ubc14\uc774\uc624"", ""dist"": 1.4143592087215917}, {""brn"": ""4022454144"", ""name"": ""SG\uc0b0\uc5c5"", ""dist"": 1.4157074303975696}, {""brn"": ""4030863457"", ""name"": ""\ud55c\uc131"", ""dist"": 1.4242245210546456}, {""brn"": ""1371789964"", ""name"": ""\uc5d0\uc2a4\ud53c\ud2f0"", ""dist"": 1.5105528862448714}]",1,74196520
5311200055,이원E&C,4111,계측 장비 (계측기·수질분석기·유량계),,지역미상,False,5.65601715488174,1,False,False,0.5127420974845089,0.9502982199159341,7342601117,에벤에셀,0.022017167224332296,"[{""brn"": ""7342601117"", ""name"": ""\uc5d0\ubca4\uc5d0\uc140"", ""dist"": 0.022017167224332296}, {""brn"": ""2740601179"", ""name"": ""\ubb38\ud654\uc608\uc220ATO & \ube44\uc2a4\ud2b8Ent."", ""dist"": 1.4142286674459073}, {""brn"": ""8298701298"", ""name"": ""\uc8fc\uc2dd\ud68c\uc0ac \uc5d0\uc2a4\uc5e0\uc0b0\uc5c5\uac00\uc2a4"", ""dist"": 1.414648825077563}, {""brn"": ""7072900951"", ""name"": ""\uc5d0\uc774\uce58\uc5e0"", ""dist"": 1.4149096925907199}, {""brn"": ""8923800872"", ""name"": ""\ub4dc\ub9bc\uc720\ud1b5"", ""dist"": 1.4150930281156684}]",1,52939140
1278120708,한원계전(주),3912,전기 설비 (배전반·계장제어·UPS),41,경기,True,24.695031528598374,1,False,False,0.5117543691109303,0.9540624572239566,1338128627,주식회사일렉콤,0.1056135990290902,"[{""brn"": ""1338128627"", ""name"": ""\uc8fc\uc2dd\ud68c\uc0ac\uc77c\ub809\ucf64"", ""dist"": 0.1056135990290902}, {""brn"": ""1288213643"", ""name"": ""\ud64d\uc560\uc6d0"", ""dist"": 1.3423591642068107}, {""brn"": ""1308177809"", ""name"": ""(\uc8fc)\ub514\uc54c\uc5d0\uc2a4"", ""dist"": 1.4142146084359686}, {""brn"": ""4108212427"", ""name"": ""(\uc0ac)\ud55c\uc62c\uc7a5\uc560\uc778\uc790\ub9bd\ubcf5\uc9c0\ud68c"", ""dist"": 1.415231475859684}, {""brn"": ""1098157022"", ""name"": ""\uc0bc\uc778\uc2f8\uc774\uc5b8\uc2a4(\uc8fc)"", ""dist"": 1.4174902208349522}]",7,5608500000
5130276918,세원정보통신,3912,전기 설비 (배전반·계장제어·UPS),41,경기,True,24.889418934484752,1,False,False,0.5117385505701237,0.9541228599758766,1338128627,주식회사일렉콤,0.08118830413962881,"[{""brn"": ""1338128627"", ""name"": ""\uc8fc\uc2dd\ud68c\uc0ac\uc77c\ub809\ucf64"", ""dist"": 0.08118830413962881}, {""brn"": ""1288213643"", ""name"": ""\ud64d\uc560\uc6d0"", ""dist"": 1.3667844590962728}, {""brn"": ""1308177809"", ""name"": ""(\uc8fc)\ub514\uc54c\uc5d0\uc2a4"", ""dist"": 1.4143958166917283}, {""brn"": ""1098157022"", ""name"": ""\uc0bc\uc778\uc2f8\uc774\uc5b8\uc2a4(\uc8fc)"", ""dist"": 1.4160401063970331}, {""brn"": ""4108212427"", ""name"": ""(\uc0ac)\ud55c\uc62c\uc7a5\uc560\uc778\uc790\ub9bd\ubcf5\uc9c0\ud68c"", ""dist"": 1.4163680250307749}]",7,5608500000
2158142159,(주)인포월드,4111,계측 장비 (계측기·수질분석기·유량계),11,서울,True,24.024258085751008,1,False,False,0.5113951205081301,0.9554351613804695,1178140497,주식회사동일그린시스,0.03680995145313954,"[{""brn"": ""1178140497"", ""name"": ""\uc8fc\uc2dd\ud68c\uc0ac\ub3d9\uc77c\uadf8\ub9b0\uc2dc\uc2a4"", ""dist"": 0.03680995145313954}, {""brn"": ""1138205103"", ""name"": ""\uc0ac\ub2e8\ubc95\uc778 \ud55c\uad6d\uc7a5\uc560\uc778\ubb38\ud654\uc778\uc1c4\ud611\ud68c"", ""dist"": 1.414390336015937}, {""brn"": ""1178129380"", ""name"": ""(\uc8fc)\uc6a9\uc9c4\uae30\uc804"", ""dist"": 1.415105196672332}, {""brn"": ""2033763347"", ""name"": ""\ud050\ub77c\uc778"", ""dist"": 1.4903545315803757}, {""brn"": ""2011158950"", ""name"": ""\uc544\uc774\ub514\uc5b4 \uc2a4\ud47c"", ""dist"": 1.5835408976835033}]",4,604000560
4048102155,덕산엔지니어링 주식회사,4710,수처리 약품 (응집제·여과재),45,전북,True,26.877098605942656,1,False,False,0.5088493795266925,0.9652180787370762,4188106257,바다정수산업 주식회사,0.025113331365249094,"[{""brn"": ""4188106257"", ""name"": ""\ubc14\ub2e4\uc815\uc218\uc0b0\uc5c5 \uc8fc\uc2dd\ud68c\uc0ac"", ""dist"": 0.025113331365249094}, {""brn"": ""1238132745"", ""name"": ""\uc8fc\uc2dd\ud68c\uc0ac \ud64d\uc6b0\uc5d4\uc9c0\ub2c8\uc5b4\ub9c1"", ""dist"": 1.4241432500326148}, {""brn"": ""1378126164"", ""name"": ""\uc8fc\uc2dd\ud68c\uc0ac \ubcf4\uc740\uc815\uacf5"", ""dist"": 1.4463976548133648}, {""brn"": ""1178129380"", ""name"": ""(\uc8fc)\uc6a9\uc9c4\uae30\uc804"", ""dist"": 1.4474156652137857}, {""brn"": ""4048110015"", ""name"": ""\uc2e0\uc6b0\uc0b0\uc5c5 \uc8fc\uc2dd\ud68c\uc0ac"", ""dist"": 1.458012308221072}]",4,222045350
7348602314,주식회사 하이테크널러지,4710,수처리 약품 (응집제·여과재),,지역미상,False,4.930486696291733,1,False,False,0.5072897517922729,0.9712600076523606,2740601179,문화예술ATO & 비스트Ent.,0.08462848651841884,"[{""brn"": ""2740601179"", ""name"": ""\ubb38\ud654\uc608\uc220ATO & \ube44\uc2a4\ud2b8Ent."", ""dist"": 0.08462848651841884}, {""brn"": ""3800102293"", ""name"": ""\ud0dc\uc219\ucee8\uc124\ud305"", ""dist"": 1.414335569928845}, {""brn"": ""8923800872"", ""name"": ""\ub4dc\ub9bc\uc720\ud1b5"", ""dist"": 1.4148159665098183}, {""brn"": ""7072900951"", ""name"": ""\uc5d0\uc774\uce58\uc5e0"", ""dist"": 1.4149872701701927}, {""brn"": ""7342601117"", ""name"": ""\uc5d0\ubca4\uc5d0\uc140"", ""dist"": 1.41873541056231}]",1,44166110
5041096399,경성엔지니어링,3912,전기 설비 (배전반·계장제어·UPS),27,대구,True,19.8189192767161,1,False,False,0.5057151359798062,0.9773978053129326,5048167220,남호전기 주식회사,0.08841268713510433,"[{""brn"": ""5048167220"", ""name"": ""\ub0a8\ud638\uc804\uae30 \uc8fc\uc2dd\ud68c\uc0ac"", ""dist"": 0.08841268713510433}, {""brn"": ""4028212917"", ""name"": ""\uc0ac\ub2e8\ubc95\uc778 \uafc8\ub4dc\ub798\uc7a5\uc560\uc778\ud611\ud68c"", ""dist"": 1.4145832346560856}, {""brn"": ""4088177231"", ""name"": ""\uc8fc\uc2dd\ud68c\uc0ac \uc138\uac15\uc5d4\uc9c0\ub2c8\uc5b4\ub9c1"", ""dist"": 1.4291974941476078}, {""brn"": ""1378128430"", ""name"": ""(\uc8fc)\ud53c\ub2c9\uc2a4"", ""dist"": 1.434397012598801}, {""brn"": ""5038154421"", ""name"": ""\uc8fc\uc2dd\ud68c\uc0ac \uc544\uc774\uc5d4\ud14d"", ""dist"": 1.5094676531158648}]",1,33660000
4168186051,동진환경건설 주식회사,3010,건자재 (골재·목재),,지역미상,True,4.352800180206859,1,False,False,0.5050607544549971,0.9799598190500545,4168199463,주식회사 예일산업,0.11077387259728748,"[{""brn"": ""4168199463"", ""name"": ""\uc8fc\uc2dd\ud68c\uc0ac \uc608\uc77c\uc0b0\uc5c5"", ""dist"": 0.11077387259728748}, {""brn"": ""5028702320"", ""name"": ""\uc8fc\uc2dd\ud68c\uc0ac \uba85\uc9c4\ubc38\ube0c"", ""dist"": 1.4142591281546555}, {""brn"": ""3170601971"", ""name"": ""\uc6f0\ucef4\ub4dc\ub860"", ""dist"": 1.4148464563982202}, {""brn"": ""3108124631"", ""name"": ""\uc2e0\uac15\uac74\uc124\uc0b0\uc5c5 \uc8fc\uc2dd\ud68c\uc0ac"", ""dist"": 1.4153248399472294}, {""brn"": ""1398701986"", ""name"": ""\uc8fc\uc2dd\ud68c\uc0ac \uc0bc\uc131\uc5d4\ube44\ucf54"", ""dist"": 1.4205311051261722}]",1,40991740
6158170549,주식회사 나산,3010,건자재 (골재·목재),,지역미상,True,6.192635909159632,1,False,False,0.5042935927236158,0.9829718529619749,4168199463,주식회사 예일산업,0.12040638325791755,"[{""brn"": ""4168199463"", ""name"": ""\uc8fc\uc2dd\ud68c\uc0ac \uc608\uc77c\uc0b0\uc5c5"", ""dist"": 0.12040638325791755}, {""brn"": ""3568801201"", ""name"": ""\uc8fc\uc2dd\ud68c\uc0ac \uad11\uc131\uc774\uc5d4\uc9c0"", ""dist"": 1.4142146084359681}, {""brn"": ""1558100861"", ""name"": ""\uc544\ub2e4\uc2a4 \uc8fc\uc2dd\ud68c\uc0ac"", ""dist"": 1.414294567192039}, {""brn"": ""2448101404"", ""name"": ""\uc8fc\uc2dd\ud68c\uc0ac \uc11c\uc9c4\uc5d4\ud14d"", ""dist"": 1.4143059895024552}, {""brn"": ""6028801439"", ""name"": ""\uc8fc\uc2dd\ud68c\uc0ac \ub3d9\ud558\uc774\uc5d4\uc9c0"", ""dist"": 1.4143495022208736}]",1,40991740
1941601718,이에스인더스트리(ES INDUSTRY),4111,계측 장비 (계측기·수질분석기·유량계),,지역미상,False,4.719672185682561,1,False,False,0.5026540248028644,0.9894399540363565,7342601117,에벤에셀,0.1396714045791832,"[{""brn"": ""7342601117"", ""name"": ""\uc5d0\ubca4\uc5d0\uc140"", ""dist"": 0.1396714045791832}, {""brn"": ""3800102293"", ""name"": ""\ud0dc\uc219\ucee8\uc124\ud305"", ""dist"": 1.4142356968984653}, {""brn"": ""6147100487"", ""name"": ""\ub2e4\uc740\ucef4\ud37c\ub2c8"", ""dist"": 1.414412760631421}, {""brn"": ""6578702144"", ""name"": ""\uc8fc\uc2dd\ud68c\uc0ac \ucf00\uc774\uc640\uc774\uc5d0\uc774\uce58"", ""dist"": 1.4145676732168806}, {""brn"": ""8923800872"", ""name"": ""\ub4dc\ub9bc\uc720\ud1b5"", ""dist"": 1.4158364979047173}]",1,52939140
1378167898,주식회사 삼원미터텍,4111,계측 장비 (계측기·수질분석기·유량계),41,경기,True,19.78058936569625,1,False,False,0.5017934319318452,0.9928519114929794,1238613893,주식회사 그린플로우,0.38702051761472767,"[{""brn"": ""1238613893"", ""name"": ""\uc8fc\uc2dd\ud68c\uc0ac \uadf8\ub9b0\ud50c\ub85c\uc6b0"", ""dist"": 0.38702051761472767}, {""brn"": ""8338700207"", ""name"": ""\ucf00\uc774\uc564\uc81c\uc774\uc5d4\uc9c0\ub2c8\uc5b4\ub9c1\uc8fc\uc2dd\ud68c\uc0ac"", ""dist"": 1.1768863917866477}, {""brn"": ""1248169416"", ""name"": ""\uc720\ub9bc\ud574\uc77c\uc8fc\uc2dd\ud68c\uc0ac"", ""dist"": 1.4146488250775626}, {""brn"": ""1281976848"", ""name"": ""\ubc31\uc11d\uae30\ud68d"", ""dist"": 1.4320525429617033}, {""brn"": ""1283064876"", ""name"": ""\uae08\uc601\ubb38\ud654\uc0ac"", ""dist"": 1.4341104765974442}]",2,63076750
1178113291,(주)오토시스,4111,계측 장비 (계측기·수질분석기·유량계),11,서울,True,22.627954184313637,1,False,False,0.5005655254776935,0.9977404537511694,1178140497,주식회사동일그린시스,0.13863934986554213,"[{""brn"": ""1178140497"", ""name"": ""\uc8fc\uc2dd\ud68c\uc0ac\ub3d9\uc77c\uadf8\ub9b0\uc2dc\uc2a4"", ""dist"": 0.13863934986554213}, {""brn"": ""1138205103"", ""name"": ""\uc0ac\ub2e8\ubc95\uc778 \ud55c\uad6d\uc7a5\uc560\uc778\ubb38\ud654\uc778\uc1c4\ud611\ud68c"", ""dist"": 1.4224752972254007}, {""brn"": ""1178129380"", ""name"": ""(\uc8fc)\uc6a9\uc9c4\uae30\uc804"", ""dist"": 1.4321067141625656}, {""brn"": ""2033763347"", ""name"": ""\ud050\ub77c\uc778"", ""dist"": 1.4446179331316527}, {""brn"": ""2011158950"", ""name"": ""\uc544\uc774\ub514\uc5b4 \uc2a4\ud47c"", ""dist"": 1.5127400279678687}]",4,604000560
2663801107,태인산전,3912,전기 설비 (배전반·계장제어·UPS),,지역미상,True,1.4068727332527189,1,False,False,0.4991833723425659,1.0032718544033299,3378100823,주식회사 티앤제이,0.7637204880930593,"[{""brn"": ""3378100823"", ""name"": ""\uc8fc\uc2dd\ud68c\uc0ac \ud2f0\uc564\uc81c\uc774"", ""dist"": 0.7637204880930593}, {""brn"": ""4608800350"", ""name"": ""\uc8fc\uc2dd\ud68c\uc0ac \uc5d0\uc2a4\uc5e0\ud14c\ud06c"", ""dist"": 1.0712727927575618}, {""brn"": ""5518600119"", ""name"": ""\uc2e0\uc815\ubcf4\uac1c\ubc1c\uc8fc\uc2dd\ud68c\uc0ac"", ""dist"": 1.1748222823593684}, {""brn"": ""2978700041"", ""name"": ""(\uc8fc)\uc5d0\uc774\uc2dc\uc5d0\uc2a4"", ""dist"": 1.2009676684382296}, {""brn"": ""2363501430"", ""name"": ""\ub514\ud53c\uc5d0\uc2a4\ud14c\ud06c\ub180\ub85c\uc9c0"", ""dist"": 1.4161464124980219}]",2,489000000
7762201258,신도논산사무기,4111,계측 장비 (계측기·수질분석기·유량계),,지역미상,False,4.352800180206859,1,False,False,0.49877240569130055,1.0049224628094573,7342601117,에벤에셀,0.18576984845507016,"[{""brn"": ""7342601117"", ""name"": ""\uc5d0\ubca4\uc5d0\uc140"", ""dist"": 0.18576984845507016}, {""brn"": ""6147100487"", ""name"": ""\ub2e4\uc740\ucef4\ud37c\ub2c8"", ""dist"": 1.4143903360159364}, {""brn"": ""6068664989"", ""name"": ""\uc8fc\uc2dd\ud68c\uc0ac \ub300\uc77c\ubc14\uc774\uc624\uba54\ub4dc"", ""dist"": 1.4146072039573654}, {""brn"": ""3800102293"", ""name"": ""\ud0dc\uc219\ucee8\uc124\ud305"", ""dist"": 1.4152445630913064}, {""brn"": ""6428100138"", ""name"": ""\uc8fc\uc2dd\ud68c\uc0ac\uc81c\uc774\uc720\ub80c\ud2b8\uce74"", ""dist"": 1.4158200725444368}]",1,52939140
2228110484,주식회사 와이이씨,3912,전기 설비 (배전반·계장제어·UPS),42,강원,True,25.809336798961137,1,False,False,0.49871705366942354,1.0051449868061935,1398139175,보령기전(주),0.17544930131867867,"[{""brn"": ""1398139175"", ""name"": ""\ubcf4\ub839\uae30\uc804(\uc8fc)"", ""dist"": 0.17544930131867867}, {""brn"": ""1338128627"", ""name"": ""\uc8fc\uc2dd\ud68c\uc0ac\uc77c\ub809\ucf64"", ""dist"": 1.414631925795519}, {""brn"": ""2258110334"", ""name"": ""\uad11\uba85\uae30\uc804(\uc8fc)"", ""dist"": 1.4253537333043822}, {""brn"": ""4108212427"", ""name"": ""(\uc0ac)\ud55c\uc62c\uc7a5\uc560\uc778\uc790\ub9bd\ubcf5\uc9c0\ud68c"", ""dist"": 1.4274147333235272}, {""brn"": ""2238106187"", ""name"": ""(\ud569)\ud64d\ucc9c\ud658\uacbd\uc0b0\uc5c5"", ""dist"": 1.4309860562789694}]",1,98915900
4458702352,주식회사 엔비솔테크,4111,계측 장비 (계측기·수질분석기·유량계),,지역미상,False,4.084490803067914,1,False,False,0.4960061091309826,1.0161042003132372,7342601117,에벤에셀,0.2194836357672876,"[{""brn"": ""7342601117"", ""name"": ""\uc5d0\ubca4\uc5d0\uc140"", ""dist"": 0.2194836357672876}, {""brn"": ""6068664989"", ""name"": ""\uc8fc\uc2dd\ud68c\uc0ac \ub300\uc77c\ubc14\uc774\uc624\uba54\ub4dc"", ""dist"": 1.4142136042156248}, {""brn"": ""6428100138"", ""name"": ""\uc8fc\uc2dd\ud68c\uc0ac\uc81c\uc774\uc720\ub80c\ud2b8\uce74"", ""dist"": 1.414615360956799}, {""brn"": ""6147100487"", ""name"": ""\ub2e4\uc740\ucef4\ud37c\ub2c8"", ""dist"": 1.4153248399472291}, {""brn"": ""3800102293"", ""name"": ""\ud0dc\uc219\ucee8\uc124\ud305"", ""dist"": 1.416931760648093}]",1,52939140
4028801692,주식회사세일테크,3912,전기 설비 (배전반·계장제어·UPS),41,경기,True,1.3110479557030954,1,False,False,0.4955805874738954,1.01783529314024,4918801464,진영산업주식회사,0.6859723663322348,"[{""brn"": ""4918801464"", ""name"": ""\uc9c4\uc601\uc0b0\uc5c5\uc8fc\uc2dd\ud68c\uc0ac"", ""dist"": 0.6859723663322348}, {""brn"": ""1138630217"", ""name"": ""\uc8fc\uc2dd\ud68c\uc0ac \uc2a4\ub9c8\ud2b8\ud30c\uc6cc"", ""dist"": 1.1369802761925956}, {""brn"": ""1268630417"", ""name"": ""\uc8fc\uc2dd\ud68c\uc0ac \uadf8\ub9b0\ud30c\uc6cc\ud14c\ud06c\ub180\ub85c\uc9c0"", ""dist"": 1.2305532368958894}, {""brn"": ""1408180747"", ""name"": ""\uc720\ube44\uc2a4 \uc8fc\uc2dd\ud68c\uc0ac"", ""dist"": 1.2855961549566506}, {""brn"": ""1308217735"", ""name"": ""\uc0ac\ub2e8\ubc95\uc778 \ud55c\uad6d\uc7a5\uc560\uc778\ud611\ud68c"", ""dist"": 1.3850174257039003}]",1,39600000
1260196300,이천계기사,4111,계측 장비 (계측기·수질분석기·유량계),41,경기,True,20.087228653855046,1,False,False,0.4954431826885532,1.0183949137687953,1238613893,주식회사 그린플로우,0.42555056025725857,"[{""brn"": ""1238613893"", ""name"": ""\uc8fc\uc2dd\ud68c\uc0ac \uadf8\ub9b0\ud50c\ub85c\uc6b0"", ""dist"": 0.42555056025725857}, {""brn"": ""8338700207"", ""name"": ""\ucf00\uc774\uc564\uc81c\uc774\uc5d4\uc9c0\ub2c8\uc5b4\ub9c1\uc8fc\uc2dd\ud68c\uc0ac"", ""dist"": 1.2154164344291802}, {""brn"": ""1248169416"", ""name"": ""\uc720\ub9bc\ud574\uc77c\uc8fc\uc2dd\ud68c\uc0ac"", ""dist"": 1.4142177466199468}, {""brn"": ""1281976848"", ""name"": ""\ubc31\uc11d\uae30\ud68d"", ""dist"": 1.4386184862397602}, {""brn"": ""1283064876"", ""name"": ""\uae08\uc601\ubb38\ud654\uc0ac"", ""dist"": 1.441007423645007}]",2,63076750
7548601060,주식회사 케이피앤티,4111,계측 장비 (계측기·수질분석기·유량계),,지역미상,False,7.5834641090227395,1,False,False,0.49534356226021137,1.0188008408488913,7342601117,에벤에셀,0.2201716722430446,"[{""brn"": ""7342601117"", ""name"": ""\uc5d0\ubca4\uc5d0\uc140"", ""dist"": 0.2201716722430446}, {""brn"": ""7771301002"", ""name"": ""\ub124\uc774\ucc98\uc6d0"", ""dist"": 1.415988078686636}, {""brn"": ""1498701775"", ""name"": ""\ub3d9\uc0b0 \uc8fc\uc2dd\ud68c\uc0ac"", ""dist"": 1.4202427716169932}, {""brn"": ""3431301212"", ""name"": ""\uc5e0\uc81c\uc774\ub7a9"", ""dist"": 1.4209259533367544}, {""brn"": ""6460400629"", ""name"": ""\ud55c\uc601\uae30\uc5c5"", ""dist"": 1.4224752972254004}]",1,52939140
2138627690,(주)이스텍,4111,계측 장비 (계측기·수질분석기·유량계),11,서울,True,25.404134882465588,1,False,False,0.49525728792589707,1.0191525180536567,1178140497,주식회사동일그린시스,0.21019514334453424,"[{""brn"": ""1178140497"", ""name"": ""\uc8fc\uc2dd\ud68c\uc0ac\ub3d9\uc77c\uadf8\ub9b0\uc2dc\uc2a4"", ""dist"": 0.21019514334453424}, {""brn"": ""1178129380"", ""name"": ""(\uc8fc)\uc6a9\uc9c4\uae30\uc804"", ""dist"": 1.419566139109091}, {""brn"": ""1138205103"", ""name"": ""\uc0ac\ub2e8\ubc95\uc778 \ud55c\uad6d\uc7a5\uc560\uc778\ubb38\ud654\uc778\uc1c4\ud611\ud68c"", ""dist"": 1.4276962717073445}, {""brn"": ""2033763347"", ""name"": ""\ud050\ub77c\uc778"", ""dist"": 1.5538004310071125}, {""brn"": ""2011158950"", ""name"": ""\uc544\uc774\ub514\uc5b4 \uc2a4\ud47c"", ""dist"": 1.6687494842072625}]",4,604000560
1398107498,(주)설악전기,3912,전기 설비 (배전반·계장제어·UPS),41,경기,True,27.391814553923492,1,False,False,0.4948764203951333,1.020706501234291,1338128627,주식회사일렉콤,0.23324436528247583,"[{""brn"": ""1338128627"", ""name"": ""\uc8fc\uc2dd\ud68c\uc0ac\uc77c\ub809\ucf64"", ""dist"": 0.23324436528247583}, {""brn"": ""1398139175"", ""name"": ""\ubcf4\ub839\uae30\uc804(\uc8fc)"", ""dist"": 1.4144070290004656}, {""brn"": ""1298103909"", ""name"": ""\uc11c\uad11\uacf5\uc5c5 \uc8fc\uc2dd\ud68c\uc0ac"", ""dist"": 1.4144681094199316}, {""brn"": ""1248104733"", ""name"": ""\ud558\uc9c0\uacf5\uc5c5(\uc8fc)"", ""dist"": 1.4146748010555759}, {""brn"": ""1298106639"", ""name"": ""(\uc8fc)\ub300\uc131\uadf8\ub9b0\ud14c\ud06c"", ""dist"": 1.417126818743115}]",7,5608500000
1368108673,삼덕전기(주),3912,전기 설비 (배전반·계장제어·UPS),41,경기,True,27.509542137770172,1,False,False,0.4936165340345776,1.0258640686658007,1338128627,주식회사일렉콤,0.2480371495113047,"[{""brn"": ""1338128627"", ""name"": ""\uc8fc\uc2dd\ud68c\uc0ac\uc77c\ub809\ucf64"", ""dist"": 0.2480371495113047}, {""brn"": ""1398139175"", ""name"": ""\ubcf4\ub839\uae30\uc804(\uc8fc)"", ""dist"": 1.4147290102559689}, {""brn"": ""1298103909"", ""name"": ""\uc11c\uad11\uacf5\uc5c5 \uc8fc\uc2dd\ud68c\uc0ac"", ""dist"": 1.414826046230129}, {""brn"": ""1248104733"", ""name"": ""\ud558\uc9c0\uacf5\uc5c5(\uc8fc)"", ""dist"": 1.4151297843644088}, {""brn"": ""1238132745"", ""name"": ""\uc8fc\uc2dd\ud68c\uc0ac \ud64d\uc6b0\uc5d4\uc9c0\ub2c8\uc5b4\ub9c1"", ""dist"": 1.416974524558028}]",7,5608500000
8966300202,엔비랩솔루션,4111,계측 장비 (계측기·수질분석기·유량계),,지역미상,False,8.079015101493649,1,False,False,0.4906927440161387,1.0379351685850697,7342601117,에벤에셀,0.28243897329928197,"[{""brn"": ""7342601117"", ""name"": ""\uc5d0\ubca4\uc5d0\uc140"", ""dist"": 0.28243897329928197}, {""brn"": ""7771301002"", ""name"": ""\ub124\uc774\ucc98\uc6d0"", ""dist"": 1.414239713712812}, {""brn"": ""6460400629"", ""name"": ""\ud55c\uc601\uae30\uc5c5"", ""dist"": 1.417126818743115}, {""brn"": ""5085100170"", ""name"": ""\ub300\uc131"", ""dist"": 1.4179244776983184}, {""brn"": ""6168628355"", ""name"": ""\uc8fc\uc2dd\ud68c\uc0ac \ubcf5\uc740"", ""dist"": 1.4203381393726902}]",1,52939140
4168154277,(주)반도호이스트,2410,운반·물류 장비 (지게차·엘리베이터),,지역미상,True,15.991403876305423,1,False,False,0.48995609893704756,1.0409991878241442,3178145428,주식회사 백선,0.6188888099456837,"[{""brn"": ""3178145428"", ""name"": ""\uc8fc\uc2dd\ud68c\uc0ac \ubc31\uc120"", ""dist"": 0.6188888099456837}, {""brn"": ""7088701142"", ""name"": ""\uc8fc\uc2dd\ud68c\uc0ac \ub2e4\uc6d0\uc5d8\ub9ac\ubca0\uc774\ud130"", ""dist"": 1.1755103188351284}, {""brn"": ""1398701986"", ""name"": ""\uc8fc\uc2dd\ud68c\uc0ac \uc0bc\uc131\uc5d4\ube44\ucf54"", ""dist"": 1.3285984346916204}, {""brn"": ""4128139124"", ""name"": ""\uc8fc\uc2dd\ud68c\uc0ac \ud638\ube4c\uc2a4"", ""dist"": 1.4143903360159369}, {""brn"": ""3028119665"", ""name"": ""\uc8fc\uc2dd\ud68c\uc0ac\uc1a1\uc554"", ""dist"": 1.4199920934517867}]",1,140956067
4172064419,대장경,4111,계측 장비 (계측기·수질분석기·유량계),,지역미상,False,8.166626326681877,1,False,False,0.4898657333207291,1.0413756912963565,7342601117,에벤에셀,0.29344755691143465,"[{""brn"": ""7342601117"", ""name"": ""\uc5d0\ubca4\uc5d0\uc140"", ""dist"": 0.29344755691143465}, {""brn"": ""7771301002"", ""name"": ""\ub124\uc774\ucc98\uc6d0"", ""dist"": 1.4142156126555996}, {""brn"": ""6460400629"", ""name"": ""\ud55c\uc601\uae30\uc5c5"", ""dist"": 1.4164639043220353}, {""brn"": ""5085100170"", ""name"": ""\ub300\uc131"", ""dist"": 1.4171710799553652}, {""brn"": ""6168628355"", ""name"": ""\uc8fc\uc2dd\ud68c\uc0ac \ubcf5\uc740"", ""dist"": 1.419359242567362}]",1,52939140
2158629205,보은용사촌 주식회사,2410,운반·물류 장비 (지게차·엘리베이터),41,경기,True,23.76690011176059,1,False,False,0.48895586911290373,1.0451743463357268,1338122055,(주)천보엔지니어링,0.32028097946605416,"[{""brn"": ""1338122055"", ""name"": ""(\uc8fc)\ucc9c\ubcf4\uc5d4\uc9c0\ub2c8\uc5b4\ub9c1"", ""dist"": 0.32028097946605416}, {""brn"": ""1378602279"", ""name"": ""\uc8fc\uc2dd\ud68c\uc0ac \uc815\ubb38\uc774\uc5d4\uc774"", ""dist"": 1.3987781552190908}, {""brn"": ""1298149486"", ""name"": ""\uc8fc\uc2dd\ud68c\uc0ac \uac00\ub098\uc774\uc5e0\ud2f0"", ""dist"": 1.4164639043220357}, {""brn"": ""1308177809"", ""name"": ""(\uc8fc)\ub514\uc54c\uc5d0\uc2a4"", ""dist"": 1.4191564021542533}, {""brn"": ""1098157022"", ""name"": ""\uc0bc\uc778\uc2f8\uc774\uc5b8\uc2a4(\uc8fc)"", ""dist"": 1.430156127140631}]",1,1105000000
1378191030,(주)석천스틸그레이팅,3010,건자재 (골재·목재),41,경기,True,17.587570885203437,1,False,False,0.4886000646649997,1.0466636669105494,1248169416,유림해일주식회사,0.31064846880542135,"[{""brn"": ""1248169416"", ""name"": ""\uc720\ub9bc\ud574\uc77c\uc8fc\uc2dd\ud68c\uc0ac"", ""dist"": 0.31064846880542135}, {""brn"": ""1418113367"", ""name"": ""\uc8fc\uc2dd\ud68c\uc0ac\uc81c\uc77c\uccb4\uc721\uacf5\uc0ac"", ""dist"": 1.4146319257955189}, {""brn"": ""1283064876"", ""name"": ""\uae08\uc601\ubb38\ud654\uc0ac"", ""dist"": 1.4147106061307078}, {""brn"": ""1278210231"", ""name"": ""\uc0ac\ud68c\ubcf5\uc9c0\ubc95\uc778 \ud55c\uad6d\uccad\uac01\uc7a5\uc560\uc778\ubcf5\uc9c0\ud68c \uccad\uc74c\uacf5\ubc29"", ""dist"": 1.414987270170193}, {""brn"": ""1281976848"", ""name"": ""\ubc31\uc11d\uae30\ud68d"", ""dist"": 1.4151051966723314}]",1,41268388
4068802276,주식회사 잔메디텍,3912,전기 설비 (배전반·계장제어·UPS),11,서울,True,3.3616981952650393,1,False,False,0.48519783492518515,1.0610149675424554,2168701696,주식회사 투비콤,0.33989001902520066,"[{""brn"": ""2168701696"", ""name"": ""\uc8fc\uc2dd\ud68c\uc0ac \ud22c\ube44\ucf64"", ""dist"": 0.33989001902520066}, {""brn"": ""3178603006"", ""name"": ""(\uc8fc)\uc815\ud589\uc0ac"", ""dist"": 1.4213326821975107}, {""brn"": ""1218216576"", ""name"": ""\uc0ac\ub2e8\ubc95\uc778 \ud55c\uad6d\uc7a5\uc560\uc778\uadfc\ub85c\ubcf5\uc9c0\ud611\ud68c"", ""dist"": 1.4218222014046544}, {""brn"": ""5318801914"", ""name"": ""(\uc8fc)\uc774\uc5d4\uc5d0\uc774\uce58\uc2dc\uc2a4\ud15c"", ""dist"": 1.4267237091871572}, {""brn"": ""3448802115"", ""name"": ""\uc8fc\uc2dd\ud68c\uc0ac \uc624\ub3c4\ud14c\ud06c"", ""dist"": 1.4292472193025052}]",1,73700000
1248760324,주식회사 누빈다,4111,계측 장비 (계측기·수질분석기·유량계),41,경기,True,0.5088576750733896,1,False,False,0.4851159466252239,1.06136286996261,2145700618,선우시스템,0.4788733871286234,"[{""brn"": ""2145700618"", ""name"": ""\uc120\uc6b0\uc2dc\uc2a4\ud15c"", ""dist"": 0.4788733871286234}, {""brn"": ""8338700207"", ""name"": ""\ucf00\uc774\uc564\uc81c\uc774\uc5d4\uc9c0\ub2c8\uc5b4\ub9c1\uc8fc\uc2dd\ud68c\uc0ac"", ""dist"": 1.2446579846489596}, {""brn"": ""5508702203"", ""name"": ""\uc8fc\uc2dd\ud68c\uc0ac \uc6f0\uc2a4\ud14c\ud06c"", ""dist"": 1.4605572381102472}, {""brn"": ""5503201432"", ""name"": ""\uc9c0\uc628\ud14c\ud06c"", ""dist"": 1.4757665337459271}, {""brn"": ""6758601428"", ""name"": ""\uc5d4\uc5d0\uc2a4\ud38c\ud504 \uc8fc\uc2dd\ud68c\uc0ac"", ""dist"": 1.5142104359728805}]",1,52250000
4108634093,주식회사 대호이엔지,2410,운반·물류 장비 (지게차·엘리베이터),,지역미상,True,16.163888475894744,1,False,False,0.48480797563138994,1.0626723368105682,3178145428,주식회사 백선,0.640561958932107,"[{""brn"": ""3178145428"", ""name"": ""\uc8fc\uc2dd\ud68c\uc0ac \ubc31\uc120"", ""dist"": 0.640561958932107}, {""brn"": ""7088701142"", ""name"": ""\uc8fc\uc2dd\ud68c\uc0ac \ub2e4\uc6d0\uc5d8\ub9ac\ubca0\uc774\ud130"", ""dist"": 1.197183467821553}, {""brn"": ""1398701986"", ""name"": ""\uc8fc\uc2dd\ud68c\uc0ac \uc0bc\uc131\uc5d4\ube44\ucf54"", ""dist"": 1.3502715836780446}, {""brn"": ""4128139124"", ""name"": ""\uc8fc\uc2dd\ud68c\uc0ac \ud638\ube4c\uc2a4"", ""dist"": 1.4148989443102753}, {""brn"": ""3028119665"", ""name"": ""\uc8fc\uc2dd\ud68c\uc0ac\uc1a1\uc554"", ""dist"": 1.4182031017139278}]",1,140956067
3618103099,주식회사 메디,4111,계측 장비 (계측기·수질분석기·유량계),,지역미상,False,2.655332692184957,1,False,False,0.48161381992125146,1.0763523774369883,7342601117,에벤에셀,0.3990611559405195,"[{""brn"": ""7342601117"", ""name"": ""\uc5d0\ubca4\uc5d0\uc140"", ""dist"": 0.3990611559405195}, {""brn"": ""6731801914"", ""name"": ""\ub514\uc544\uc774\uc528\ucf54\ub9ac\uc544"", ""dist"": 1.4143355699288453}, {""brn"": ""7765000873"", ""name"": ""\uc9c0\uac10\uc131"", ""dist"": 1.4156604064416}, {""brn"": ""8515300966"", ""name"": ""\ub3d9\ud654\uc0c1\uc0ac"", ""dist"": 1.4162006907196667}, {""brn"": ""6122552599"", ""name"": ""\uc548\uac00"", ""dist"": 1.4163114970740516}]",1,52939140
4100198936,태산 ENG,4111,계측 장비 (계측기·수질분석기·유량계),,지역미상,False,9.020835772267093,1,False,False,0.48159036171101527,1.0764535163186328,7342601117,에벤에셀,0.4007812471299183,"[{""brn"": ""7342601117"", ""name"": ""\uc5d0\ubca4\uc5d0\uc140"", ""dist"": 0.4007812471299183}, {""brn"": ""6168628355"", ""name"": ""\uc8fc\uc2dd\ud68c\uc0ac \ubcf5\uc740"", ""dist"": 1.4142772034298998}, {""brn"": ""5085100170"", ""name"": ""\ub300\uc131"", ""dist"": 1.41430209839608}, {""brn"": ""6460400629"", ""name"": ""\ud55c\uc601\uae30\uc5c5"", ""dist"": 1.4144813292182974}, {""brn"": ""7771301002"", ""name"": ""\ub124\uc774\ucc98\uc6d0"", ""dist"": 1.4184651094025569}]",1,52939140
1218132604,(주)글로벌환경,3010,건자재 (골재·목재),45,전북,True,20.30351886603848,1,False,False,0.47848476178132193,1.089930714359974,4188119844,주식회사 제일환경,0.5277239769075477,"[{""brn"": ""4188119844"", ""name"": ""\uc8fc\uc2dd\ud68c\uc0ac \uc81c\uc77c\ud658\uacbd"", ""dist"": 0.5277239769075477}, {""brn"": ""4188136616"", ""name"": ""\uc720\ud55c\ud68c\uc0ac \uc81c\uc77c"", ""dist"": 1.3275663799779807}, {""brn"": ""4028212917"", ""name"": ""\uc0ac\ub2e8\ubc95\uc778 \uafc8\ub4dc\ub798\uc7a5\uc560\uc778\ud611\ud68c"", ""dist"": 1.4145017861943936}, {""brn"": ""1248169416"", ""name"": ""\uc720\ub9bc\ud574\uc77c\uc8fc\uc2dd\ud68c\uc0ac"", ""dist"": 1.4145449582281435}, {""brn"": ""3108118099"", ""name"": ""\uc8fc\uc2dd\ud68c\uc0ac \ubcf4\ubbfc\ud658\uacbd"", ""dist"": 1.4166821673934107}]",1,79183000
2076869371,엠제이(MJ)상사,3912,전기 설비 (배전반·계장제어·UPS),28,인천,False,7.287776224012473,1,False,False,0.4765967084286091,1.0982100428202877,5941601752,연모,0.4647686393755529,"[{""brn"": ""5941601752"", ""name"": ""\uc5f0\ubaa8"", ""dist"": 0.4647686393755529}, {""brn"": ""8318101324"", ""name"": ""(\uc8fc)\ub450\uad7f\uc774\uc5d4\uc9c0"", ""dist"": 1.414232014808626}, {""brn"": ""8915400302"", ""name"": ""\uc2e0\uc544\uc778\ud504\ub77c"", ""dist"": 1.4156294742766844}, {""brn"": ""8446200301"", ""name"": ""\uc528\uc564\uc5d8"", ""dist"": 1.4178011512538453}, {""brn"": ""7780101773"", ""name"": ""\uc720\ub2c8\uc2a4\uc81c\uc774"", ""dist"": 1.4183069092754275}]",1,219500108
1868800603,주식회사 한국제이알티,4111,계측 장비 (계측기·수질분석기·유량계),11,서울,False,8.226859043998783,1,False,False,0.4725273259525742,1.1162797262234234,6068664989,주식회사 대일바이오메드,0.5201555756741921,"[{""brn"": ""6068664989"", ""name"": ""\uc8fc\uc2dd\ud68c\uc0ac \ub300\uc77c\ubc14\uc774\uc624\uba54\ub4dc"", ""dist"": 0.5201555756741921}, {""brn"": ""1471400892"", ""name"": ""K\uff06J \ud14c\ud06c"", ""dist"": 1.414259128154655}, {""brn"": ""3098701101"", ""name"": ""\uc8fc\uc2dd\ud68c\uc0ac \ub098\ud55c"", ""dist"": 1.4144244748414234}, {""brn"": ""6338801321"", ""name"": ""\uc8fc\uc2dd\ud68c\uc0ac\uacbd\uc1a1\uc5d0\ub108\ud14d"", ""dist"": 1.4203381393726902}, {""brn"": ""6191360568"", ""name"": ""\ucf00\uc774\uc5e0\uc0c1\uc0ac"", ""dist"": 1.4206614005065066}]",2,65066300
5148177593,주식회사 한서기전,3912,전기 설비 (배전반·계장제어·UPS),27,대구,True,14.759371022095976,1,False,False,0.46996919992676844,1.1277990135434879,5048167220,남호전기 주식회사,0.5473330164666941,"[{""brn"": ""5048167220"", ""name"": ""\ub0a8\ud638\uc804\uae30 \uc8fc\uc2dd\ud68c\uc0ac"", ""dist"": 0.5473330164666941}, {""brn"": ""1288213643"", ""name"": ""\ud64d\uc560\uc6d0"", ""dist"": 1.41732861360146}, {""brn"": ""5108122946"", ""name"": ""\uc8fc\uc2dd\ud68c\uc0ac \uc5d0\uc2a4\uc5d0\uc774\uce58"", ""dist"": 1.41873541056231}, {""brn"": ""1308217735"", ""name"": ""\uc0ac\ub2e8\ubc95\uc778 \ud55c\uad6d\uc7a5\uc560\uc778\ud611\ud68c"", ""dist"": 1.4466869518942285}, {""brn"": ""2208876247"", ""name"": ""\uc8fc\uc2dd\ud68c\uc0ac  \uc131\uc6d0\uc804\uae30"", ""dist"": 1.4612474482626303}]",1,33660000
1292528559,영광자원,3010,건자재 (골재·목재),41,경기,False,11.887365546394403,1,False,False,0.46580628825206516,1.1468151573318022,1388149821,(주)하이드로코리아,0.6102883539986874,"[{""brn"": ""1388149821"", ""name"": ""(\uc8fc)\ud558\uc774\ub4dc\ub85c\ucf54\ub9ac\uc544"", ""dist"": 0.6102883539986874}, {""brn"": ""1245259752"", ""name"": ""\uc36c\ud14c\ud06c"", ""dist"": 1.4142708436371736}, {""brn"": ""1388197681"", ""name"": ""\uc8fc\uc2dd\ud68c\uc0ac \uc81c\ub2c8\uc2a4\ubc14\uc774\uc624\ucf00\ubbf8\uce7c"", ""dist"": 1.415886274359546}, {""brn"": ""1401086324"", ""name"": ""\uc720\ub2c8\uc194\ud2b8"", ""dist"": 1.4163680250307744}, {""brn"": ""2171150502"", ""name"": ""\uc9c4\ub808\ub4dc"", ""dist"": 1.4197770900062046}]",2,642780000
1058715702,주식회사 소담이앤씨,2410,운반·물류 장비 (지게차·엘리베이터),,지역미상,True,17.06737923564834,1,False,False,0.4630323121581802,1.1596764928543086,3178145428,주식회사 백선,0.7540879774324275,"[{""brn"": ""3178145428"", ""name"": ""\uc8fc\uc2dd\ud68c\uc0ac \ubc31\uc120"", ""dist"": 0.7540879774324275}, {""brn"": ""7088701142"", ""name"": ""\uc8fc\uc2dd\ud68c\uc0ac \ub2e4\uc6d0\uc5d8\ub9ac\ubca0\uc774\ud130"", ""dist"": 1.3107094863218725}, {""brn"": ""3028119665"", ""name"": ""\uc8fc\uc2dd\ud68c\uc0ac\uc1a1\uc554"", ""dist"": 1.414232014808626}, {""brn"": ""4088177231"", ""name"": ""\uc8fc\uc2dd\ud68c\uc0ac \uc138\uac15\uc5d4\uc9c0\ub2c8\uc5b4\ub9c1"", ""dist"": 1.421060210049067}, {""brn"": ""4128139124"", ""name"": ""\uc8fc\uc2dd\ud68c\uc0ac \ud638\ube4c\uc2a4"", ""dist"": 1.422963550067742}]",1,140956067
8438703365,주식회사 찬테크,4111,계측 장비 (계측기·수질분석기·유량계),,지역미상,False,0.7963320077222602,1,False,False,0.4622709952867537,1.1632332770081864,7342601117,에벤에셀,0.6326495394608747,"[{""brn"": ""7342601117"", ""name"": ""\uc5d0\ubca4\uc5d0\uc140"", ""dist"": 0.6326495394608747}, {""brn"": ""1180824274"", ""name"": ""\ubcc4\uc774\uc0c1\uc0ac"", ""dist"": 1.4205311051261726}, {""brn"": ""6731801914"", ""name"": ""\ub514\uc544\uc774\uc528\ucf54\ub9ac\uc544"", ""dist"": 1.436519186437512}, {""brn"": ""7765000873"", ""name"": ""\uc9c0\uac10\uc131"", ""dist"": 1.4451821138952454}, {""brn"": ""8515300966"", ""name"": ""\ub3d9\ud654\uc0c1\uc0ac"", ""dist"": 1.4474889660556376}]",1,52939140
6098186783,주식회사 건영엔지니어링,2410,운반·물류 장비 (지게차·엘리베이터),,지역미상,True,17.13582550532664,1,False,False,0.46180129936820885,1.1654334913481221,3178145428,주식회사 백선,0.7626884333794205,"[{""brn"": ""3178145428"", ""name"": ""\uc8fc\uc2dd\ud68c\uc0ac \ubc31\uc120"", ""dist"": 0.7626884333794205}, {""brn"": ""7088701142"", ""name"": ""\uc8fc\uc2dd\ud68c\uc0ac \ub2e4\uc6d0\uc5d8\ub9ac\ubca0\uc774\ud130"", ""dist"": 1.3193099422688663}, {""brn"": ""3028119665"", ""name"": ""\uc8fc\uc2dd\ud68c\uc0ac\uc1a1\uc554"", ""dist"": 1.41430209839608}, {""brn"": ""4088177231"", ""name"": ""\uc8fc\uc2dd\ud68c\uc0ac \uc138\uac15\uc5d4\uc9c0\ub2c8\uc5b4\ub9c1"", ""dist"": 1.420242771616993}, {""brn"": ""4128139124"", ""name"": ""\uc8fc\uc2dd\ud68c\uc0ac \ud638\ube4c\uc2a4"", ""dist"": 1.4239415066683558}]",1,140956067
5171202853,제이랩,4111,계측 장비 (계측기·수질분석기·유량계),,지역미상,False,0.276140358167161,1,False,False,0.4562316341270693,1.191869053344689,7342601117,에벤에셀,0.6980130046580272,"[{""brn"": ""7342601117"", ""name"": ""\uc5d0\ubca4\uc5d0\uc140"", ""dist"": 0.6980130046580272}, {""brn"": ""1180824274"", ""name"": ""\ubcc4\uc774\uc0c1\uc0ac"", ""dist"": 1.4281720084002563}, {""brn"": ""6731801914"", ""name"": ""\ub514\uc544\uc774\uc528\ucf54\ub9ac\uc544"", ""dist"": 1.4494221469757838}, {""brn"": ""7765000873"", ""name"": ""\uc9c0\uac10\uc131"", ""dist"": 1.460042770822452}, {""brn"": ""8515300966"", ""name"": ""\ub3d9\ud654\uc0c1\uc0ac"", ""dist"": 1.462818162146135}]",1,52939140
1370538875,효성계기산업,4111,계측 장비 (계측기·수질분석기·유량계),41,경기,True,23.290514074799603,1,False,False,0.450605797189071,1.2192346530783917,1238613893,주식회사 그린플로우,0.828051898576574,"[{""brn"": ""1238613893"", ""name"": ""\uc8fc\uc2dd\ud68c\uc0ac \uadf8\ub9b0\ud50c\ub85c\uc6b0"", ""dist"": 0.828051898576574}, {""brn"": ""1298149486"", ""name"": ""\uc8fc\uc2dd\ud68c\uc0ac \uac00\ub098\uc774\uc5e0\ud2f0"", ""dist"": 1.4143543136411936}, {""brn"": ""1178140497"", ""name"": ""\uc8fc\uc2dd\ud68c\uc0ac\ub3d9\uc77c\uadf8\ub9b0\uc2dc\uc2a4"", ""dist"": 1.4152977470174073}, {""brn"": ""1308177809"", ""name"": ""(\uc8fc)\ub514\uc54c\uc5d0\uc2a4"", ""dist"": 1.4253967012000253}, {""brn"": ""1098157022"", ""name"": ""\uc0bc\uc778\uc2f8\uc774\uc5b8\uc2a4(\uc8fc)"", ""dist"": 1.4402858626180473}]",2,63076750
4088177395,주식회사 한일수기,2410,운반·물류 장비 (지게차·엘리베이터),,지역미상,True,17.814812500535403,1,False,False,0.4499387727526795,1.222524620143541,3178145428,주식회사 백선,0.8480049563736004,"[{""brn"": ""3178145428"", ""name"": ""\uc8fc\uc2dd\ud68c\uc0ac \ubc31\uc120"", ""dist"": 0.8480049563736004}, {""brn"": ""7088701142"", ""name"": ""\uc8fc\uc2dd\ud68c\uc0ac \ub2e4\uc6d0\uc5d8\ub9ac\ubca0\uc774\ud130"", ""dist"": 1.4046264652630458}, {""brn"": ""4088177231"", ""name"": ""\uc8fc\uc2dd\ud68c\uc0ac \uc138\uac15\uc5d4\uc9c0\ub2c8\uc5b4\ub9c1"", ""dist"": 1.4149424387939764}, {""brn"": ""6158157997"", ""name"": ""\uc8fc\uc2dd\ud68c\uc0ac \uc6b0\uc131\ub124\uc774\ucc98"", ""dist"": 1.4167434420989562}, {""brn"": ""3028119665"", ""name"": ""\uc8fc\uc2dd\ud68c\uc0ac\uc1a1\uc554"", ""dist"": 1.4178256504572064}]",1,140956067
1818602242,주식회사 진명,3912,전기 설비 (배전반·계장제어·UPS),29,광주,True,4.440411405395087,1,False,False,0.44681855603131815,1.2380449211467137,4098217913,(사)힘찬장애인복지회,0.8824067801615767,"[{""brn"": ""4098217913"", ""name"": ""(\uc0ac)\ud798\ucc2c\uc7a5\uc560\uc778\ubcf5\uc9c0\ud68c"", ""dist"": 0.8824067801615767}, {""brn"": ""5318801914"", ""name"": ""(\uc8fc)\uc774\uc5d4\uc5d0\uc774\uce58\uc2dc\uc2a4\ud15c"", ""dist"": 1.4152055519125923}, {""brn"": ""7178602089"", ""name"": ""\uc720\ud55c\ud68c\uc0ac \uc528\ucf00\uc774"", ""dist"": 1.4165224313659717}, {""brn"": ""8308601724"", ""name"": ""\uc8fc\uc2dd\ud68c\uc0ac \ubbff\uc74c\uc774\uc5d4\uc9c0"", ""dist"": 1.4265877040924917}, {""brn"": ""2168701696"", ""name"": ""\uc8fc\uc2dd\ud68c\uc0ac \ud22c\ube44\ucf64"", ""dist"": 1.4289008462031136}]",2,398969000
2231195751,아이비바이오,4111,계측 장비 (계측기·수질분석기·유량계),45,전북,False,3.9968795778796866,1,False,False,0.44590102409522087,1.2426501532018304,8811900022,포낙에이치에이(HA),0.8978876008661653,"[{""brn"": ""8811900022"", ""name"": ""\ud3ec\ub099\uc5d0\uc774\uce58\uc5d0\uc774(HA)"", ""dist"": 0.8978876008661653}, {""brn"": ""6068664989"", ""name"": ""\uc8fc\uc2dd\ud68c\uc0ac \ub300\uc77c\ubc14\uc774\uc624\uba54\ub4dc"", ""dist"": 1.4142591281546555}, {""brn"": ""6147100487"", ""name"": ""\ub2e4\uc740\ucef4\ud37c\ub2c8"", ""dist"": 1.41580373058467}, {""brn"": ""6122552599"", ""name"": ""\uc548\uac00"", ""dist"": 1.4171710799553654}, {""brn"": ""8515300966"", ""name"": ""\ub3d9\ud654\uc0c1\uc0ac"", ""dist"": 1.4173058593595036}]",1,74196520
4048142273,주식회사 우진이엔에스,3912,전기 설비 (배전반·계장제어·UPS),45,전북,True,12.133772117236292,1,False,False,0.4394218077343161,1.2757177327089362,4028212917,사단법인 꿈드래장애인협회,0.9979969080891736,"[{""brn"": ""4028212917"", ""name"": ""\uc0ac\ub2e8\ubc95\uc778 \uafc8\ub4dc\ub798\uc7a5\uc560\uc778\ud611\ud68c"", ""dist"": 0.9979969080891736}, {""brn"": ""1308217735"", ""name"": ""\uc0ac\ub2e8\ubc95\uc778 \ud55c\uad6d\uc7a5\uc560\uc778\ud611\ud68c"", ""dist"": 1.4144365236419272}, {""brn"": ""2208876247"", ""name"": ""\uc8fc\uc2dd\ud68c\uc0ac  \uc131\uc6d0\uc804\uae30"", ""dist"": 1.4147197663957076}, {""brn"": ""1408180747"", ""name"": ""\uc720\ube44\uc2a4 \uc8fc\uc2dd\ud68c\uc0ac"", ""dist"": 1.4161644218999443}, {""brn"": ""4098217913"", ""name"": ""(\uc0ac)\ud798\ucc2c\uc7a5\uc560\uc778\ubcf5\uc9c0\ud68c"", ""dist"": 1.4167229339547425}]",1,786478000
5142663576,대진기계,2410,운반·물류 장비 (지게차·엘리베이터),,지역미상,True,19.40550380785915,1,False,False,0.43604150154137306,1.2933596835738734,3178145428,주식회사 백선,1.047879552581739,"[{""brn"": ""3178145428"", ""name"": ""\uc8fc\uc2dd\ud68c\uc0ac \ubc31\uc120"", ""dist"": 1.047879552581739}, {""brn"": ""4120824292"", ""name"": ""\ubc00\uc54c\uae30\ud68d"", ""dist"": 1.4153522668294045}, {""brn"": ""6138139386"", ""name"": ""\ub3d9\uac74\ud658\uacbd \uc8fc\uc2dd\ud68c\uc0ac"", ""dist"": 1.4168472313104765}, {""brn"": ""6158146919"", ""name"": ""\uc8fc\uc2dd\ud68c\uc0ac \ub3c4\ud604\uc0b0\uc5c5"", ""dist"": 1.4174668847364276}, {""brn"": ""6158157997"", ""name"": ""\uc8fc\uc2dd\ud68c\uc0ac \uc6b0\uc131\ub124\uc774\ucc98"", ""dist"": 1.418901570158626}]",1,140956067
2288106391,명서산업 주식회사,3912,전기 설비 (배전반·계장제어·UPS),29,광주,True,3.213854252759906,1,False,False,0.4358305998495151,1.2944694575031743,4098217913,(사)힘찬장애인복지회,1.0365269507317072,"[{""brn"": ""4098217913"", ""name"": ""(\uc0ac)\ud798\ucc2c\uc7a5\uc560\uc778\ubcf5\uc9c0\ud68c"", ""dist"": 1.0365269507317072}, {""brn"": ""7788701141"", ""name"": ""\uc8fc\uc2dd\ud68c\uc0ac \ud0dc\uc9c4\ud658\uacbd"", ""dist"": 1.4175843962484198}, {""brn"": ""5318801914"", ""name"": ""(\uc8fc)\uc774\uc5d4\uc5d0\uc774\uce58\uc2dc\uc2a4\ud15c"", ""dist"": 1.4292970255293962}, {""brn"": ""7178602089"", ""name"": ""\uc720\ud55c\ud68c\uc0ac \uc528\ucf00\uc774"", ""dist"": 1.4335997683471924}, {""brn"": ""8308601724"", ""name"": ""\uc8fc\uc2dd\ud68c\uc0ac \ubbff\uc74c\uc774\uc5d4\uc9c0"", ""dist"": 1.4548874414884576}]",2,398969000
6088161343,주식회사 대홍,2410,운반·물류 장비 (지게차·엘리베이터),,지역미상,True,19.783327216483382,1,False,False,0.4332539203719005,1.3081152944712209,3178145428,주식회사 백선,1.095354069409145,"[{""brn"": ""3178145428"", ""name"": ""\uc8fc\uc2dd\ud68c\uc0ac \ubc31\uc120"", ""dist"": 1.095354069409145}, {""brn"": ""4120824292"", ""name"": ""\ubc00\uc54c\uae30\ud68d"", ""dist"": 1.4142440652488126}, {""brn"": ""6138139386"", ""name"": ""\ub3d9\uac74\ud658\uacbd \uc8fc\uc2dd\ud68c\uc0ac"", ""dist"": 1.4147477487557047}, {""brn"": ""6158146919"", ""name"": ""\uc8fc\uc2dd\ud68c\uc0ac \ub3c4\ud604\uc0b0\uc5c5"", ""dist"": 1.415045189201627}, {""brn"": ""4108164194"", ""name"": ""\uc5d0\uc2a4\uc5e0\ucf54\ub9ac\uc544(\uc8fc)"", ""dist"": 1.418901570158626}]",1,140956067
5148158785,주식회사 코솔텍,4710,수처리 약품 (응집제·여과재),27,대구,True,13.576619482054909,1,False,False,0.4201345709526067,1.3801897514232533,5038154421,주식회사 아이엔텍,1.312085559273392,"[{""brn"": ""5038154421"", ""name"": ""\uc8fc\uc2dd\ud68c\uc0ac \uc544\uc774\uc5d4\ud14d"", ""dist"": 1.312085559273392}, {""brn"": ""1258196954"", ""name"": ""\uc8fc\uc2dd\ud68c\uc0ac \ud558\uc774\ud074\ub85c"", ""dist"": 1.4142217634852772}, {""brn"": ""1138600843"", ""name"": ""\ucf00\uc774\uc5d0\uc2a4\uc774\uc5d4\uc9c0\uc8fc\uc2dd\ud68c\uc0ac"", ""dist"": 1.414261931511091}, {""brn"": ""1258197083"", ""name"": ""\uc8fc\uc2dd\ud68c\uc0ac \uc774\uc564\uc5d0\ud504"", ""dist"": 1.4154081223729267}, {""brn"": ""4018700204"", ""name"": ""(\uc8fc)\ub3c4\uc6d0\uc5d0\ucf54\ud14d"", ""dist"": 1.46459213086462}]",2,157988000
8098700811,주식회사 동진전기제작사,3912,전기 설비 (배전반·계장제어·UPS),27,대구,True,8.538974033731842,1,False,False,0.41862243550324424,1.3887874017021007,5048167220,남호전기 주식회사,1.3289424529294998,"[{""brn"": ""5048167220"", ""name"": ""\ub0a8\ud638\uc804\uae30 \uc8fc\uc2dd\ud68c\uc0ac"", ""dist"": 1.3289424529294998}, {""brn"": ""1638200078"", ""name"": ""\uc0ac\ub2e8\ubc95\uc778 \uc7a5\uc6b0\uc804\uae30"", ""dist"": 1.417017621255282}, {""brn"": ""3378100823"", ""name"": ""\uc8fc\uc2dd\ud68c\uc0ac \ud2f0\uc564\uc81c\uc774"", ""dist"": 1.4204021309215198}, {""brn"": ""4608800350"", ""name"": ""\uc8fc\uc2dd\ud68c\uc0ac \uc5d0\uc2a4\uc5e0\ud14c\ud06c"", ""dist"": 1.4250129333317667}, {""brn"": ""5022625977"", ""name"": ""\ub274\uc6d4\ub4dc"", ""dist"": 1.4288026125130555}]",1,33660000
2068601090,주식회사 엔파이로,4111,계측 장비 (계측기·수질분석기·유량계),11,서울,False,14.261082178837935,1,False,False,0.4184761940576299,1.3896221916563458,6068664989,주식회사 대일바이오메드,1.2783717719611758,"[{""brn"": ""6068664989"", ""name"": ""\uc8fc\uc2dd\ud68c\uc0ac \ub300\uc77c\ubc14\uc774\uc624\uba54\ub4dc"", ""dist"": 1.2783717719611758}, {""brn"": ""1371789964"", ""name"": ""\uc5d0\uc2a4\ud53c\ud2f0"", ""dist"": 1.423001683217522}, {""brn"": ""8811900022"", ""name"": ""\ud3ec\ub099\uc5d0\uc774\uce58\uc5d0\uc774(HA)"", ""dist"": 1.46749311979034}, {""brn"": ""2108160114"", ""name"": ""\uace0\ub824\uae30\ud504\ud2b8\uc8fc\uc2dd\ud68c\uc0ac"", ""dist"": 1.4740087433729019}, {""brn"": ""3088144269"", ""name"": ""\uc8fc\uc2dd\ud68c\uc0ac \ub3c4\uc6b0\ud14d"", ""dist"": 1.5051825853006964}]",2,65066300
5018117788,주식회사 일신전기,3912,전기 설비 (배전반·계장제어·UPS),27,대구,True,29.16046616241083,1,False,False,0.4176328949802197,1.394447401101781,5048167220,남호전기 주식회사,1.2622029147808274,"[{""brn"": ""5048167220"", ""name"": ""\ub0a8\ud638\uc804\uae30 \uc8fc\uc2dd\ud68c\uc0ac"", ""dist"": 1.2622029147808274}, {""brn"": ""1398139175"", ""name"": ""\ubcf4\ub839\uae30\uc804(\uc8fc)"", ""dist"": 1.4353862255062555}, {""brn"": ""1338128627"", ""name"": ""\uc8fc\uc2dd\ud68c\uc0ac\uc77c\ub809\ucf64"", ""dist"": 1.48575306301826}, {""brn"": ""4108212427"", ""name"": ""(\uc0ac)\ud55c\uc62c\uc7a5\uc560\uc778\uc790\ub9bd\ubcf5\uc9c0\ud68c"", ""dist"": 1.5420540147344741}, {""brn"": ""5038154421"", ""name"": ""\uc8fc\uc2dd\ud68c\uc0ac \uc544\uc774\uc5d4\ud14d"", ""dist"": 1.554799537028132}]",1,33660000
4118128003,(유)신안산업개발,2410,운반·물류 장비 (지게차·엘리베이터),,지역미상,True,21.918850830446424,1,False,False,0.4171080566361574,1.3974602841879367,3178145428,주식회사 백선,1.3636882949553555,"[{""brn"": ""3178145428"", ""name"": ""\uc8fc\uc2dd\ud68c\uc0ac \ubc31\uc120"", ""dist"": 1.3636882949553555}, {""brn"": ""6138134440"", ""name"": ""\uc8fc\uc2dd\ud68c\uc0ac \uc11c\uc815\uac1c\ubc1c"", ""dist"": 1.4142739816963696}, {""brn"": ""1378128430"", ""name"": ""(\uc8fc)\ud53c\ub2c9\uc2a4"", ""dist"": 1.4144185759120846}, {""brn"": ""4158116270"", ""name"": ""\uc8fc\uc2dd\ud68c\uc0ac \uae08\ud638\ud658\uacbd"", ""dist"": 1.4145754121260554}, {""brn"": ""3018178604"", ""name"": ""\uc5d0\uc2a4\uc5e0\uc0b0\uc5c5\uac1c\ubc1c \uc8fc\uc2dd\ud68c\uc0ac"", ""dist"": 1.4157232718941153}]",1,140956067
1074471440,선경에스엔티,1216,실험·분석 시약 (살균제·시약키트),11,서울,False,13.228912432089132,1,False,False,0.41697366608100284,1.3982329853073654,2893001481,서온상사,1.31414966870067,"[{""brn"": ""2893001481"", ""name"": ""\uc11c\uc628\uc0c1\uc0ac"", ""dist"": 1.31414966870067}, {""brn"": ""5156016686"", ""name"": ""\uccb4\ub9ac\ubaac"", ""dist"": 1.4283637236767495}, {""brn"": ""4098615290"", ""name"": ""(\uc8fc)\uc11c\ub9b0\uc0ac\uc774\uc5b8\uc2a4"", ""dist"": 1.452185563544677}, {""brn"": ""3088144269"", ""name"": ""\uc8fc\uc2dd\ud68c\uc0ac \ub3c4\uc6b0\ud14d"", ""dist"": 1.4658518471181161}, {""brn"": ""4508700341"", ""name"": ""\uc8fc\uc2dd\ud68c\uc0ac \uc5d8\ube44\ucf00\uc774\uc0ac\uc774\uc5b8\uc2a4"", ""dist"": 1.4774485797243218}]",2,83034912
2700701757,위드 테크,4015,펌프·압축기 (수중펌프·공기압축기),41,경기,False,2.8825743075169212,1,False,False,0.4142123874112799,1.4142204105718348,8684300494,투걸(two girls),1.4142156126555996,"[{""brn"": ""8684300494"", ""name"": ""\ud22c\uac78(two girls)"", ""dist"": 1.4142156126555996}, {""brn"": ""6951602049"", ""name"": ""\ud558\uc774\ud558\uc774\uc0f5"", ""dist"": 1.4142169516139977}, {""brn"": ""3045500601"", ""name"": ""\ub3d9\ud0c4\ub808\uc774\ud06c\ucef4\ud37c\ub2c8"", ""dist"": 1.4142286674459073}, {""brn"": ""5684500905"", ""name"": ""\uc740\uc131"", ""dist"": 1.4142677892528703}, {""brn"": ""2362501649"", ""name"": ""\uc601\uc7ac\uc720\ud1b5"", ""dist"": 1.4143447744614854}]",1,88889009
8244500557,다온테크,4111,계측 장비 (계측기·수질분석기·유량계),,지역미상,True,6.395236867407408,1,False,False,0.41421031271765363,1.4142325029016112,5688200201,큰나라찬사회적협동조합,1.4142206337430558,"[{""brn"": ""5688200201"", ""name"": ""\ud070\ub098\ub77c\ucc2c\uc0ac\ud68c\uc801\ud611\ub3d9\uc870\ud569"", ""dist"": 1.4142206337430558}, {""brn"": ""6028801439"", ""name"": ""\uc8fc\uc2dd\ud68c\uc0ac \ub3d9\ud558\uc774\uc5d4\uc9c0"", ""dist"": 1.4142256548126861}, {""brn"": ""1558100861"", ""name"": ""\uc544\ub2e4\uc2a4 \uc8fc\uc2dd\ud68c\uc0ac"", ""dist"": 1.4142512201490915}, {""brn"": ""3568801201"", ""name"": ""\uc8fc\uc2dd\ud68c\uc0ac \uad11\uc131\uc774\uc5d4\uc9c0"", ""dist"": 1.414474677499753}, {""brn"": ""7088701142"", ""name"": ""\uc8fc\uc2dd\ud68c\uc0ac \ub2e4\uc6d0\uc5d8\ub9ac\ubca0\uc774\ud130"", ""dist"": 1.4145375538159688}]",1,52069600
1748802520,주식회사 현우엔지니어링,3912,전기 설비 (배전반·계장제어·UPS),41,경기,False,3.279562671651076,1,False,False,0.4142099513872559,1.4142346089243845,4800802345,남컴퍼니,1.4142217634852774,"[{""brn"": ""4800802345"", ""name"": ""\ub0a8\ucef4\ud37c\ub2c8"", ""dist"": 1.4142217634852774}, {""brn"": ""5262801413"", ""name"": ""\uc544\uc6d0\uc885\ud569\uc0c1\uc0ac"", ""dist"": 1.4142256548126861}, {""brn"": ""7738102594"", ""name"": ""\uc8fc\uc2dd\ud68c\uc0ac \uc5d0\uc774\uc544\uc774\uc0ac\uc774\uc5b8\ud2f0\ud53d"", ""dist"": 1.4142564084751905}, {""brn"": ""1032001849"", ""name"": ""\uac70\ubca0\ub77c"", ""dist"": 1.4143743959144939}, {""brn"": ""5126306327"", ""name"": ""\uc5e0\ud22c\uc5b4\uc2a4"", ""dist"": 1.414379625626369}]",1,120672620
1188102157,동해엔지니어링(주),4015,펌프·압축기 (수중펌프·공기압축기),42,강원,True,27.13171872914594,1,False,False,0.41420881236042234,1.4142412477932835,1248104733,하지공업(주),1.4142177466199466,"[{""brn"": ""1248104733"", ""name"": ""\ud558\uc9c0\uacf5\uc5c5(\uc8fc)"", ""dist"": 1.4142177466199466}, {""brn"": ""1398139175"", ""name"": ""\ubcf4\ub839\uae30\uc804(\uc8fc)"", ""dist"": 1.414244065248813}, {""brn"": ""2258110334"", ""name"": ""\uad11\uba85\uae30\uc804(\uc8fc)"", ""dist"": 1.4142619315110911}, {""brn"": ""1368115816"", ""name"": ""\uc8fc\uc2dd\ud68c\uc0ac \ub300\uc601\ud30c\uc6cc\ud38c\ud504"", ""dist"": 1.4286558706065606}, {""brn"": ""2238106187"", ""name"": ""(\ud569)\ud64d\ucc9c\ud658\uacbd\uc0b0\uc5c5"", ""dist"": 1.4655806666651685}]",1,39690000
1278631914,주식회사 지크린,1216,실험·분석 시약 (살균제·시약키트),41,경기,True,6.13787889341699,1,False,False,0.4142021699397167,1.4142799641671135,4468801727,주식회사 성신,1.4142463665364768,"[{""brn"": ""4468801727"", ""name"": ""\uc8fc\uc2dd\ud68c\uc0ac \uc131\uc2e0"", ""dist"": 1.4142463665364768}, {""brn"": ""8178101838"", ""name"": ""\uc8fc\uc2dd\ud68c\uc0ac \ud574\ub0c4\ub514\uc790\uc778"", ""dist"": 1.4142487515033781}, {""brn"": ""1970401602"", ""name"": ""\ud3ec\uc81c\uc2a4\ucef4\ud37c\ub2c8"", ""dist"": 1.4143447744614854}, {""brn"": ""5438101257"", ""name"": ""\uc8fc\uc2dd\ud68c\uc0ac \uc640\uc774\uc81c\uc774\uc5d4\ud14d"", ""dist"": 1.4150689415918671}, {""brn"": ""7998801223"", ""name"": ""\uc8fc\uc2dd\ud68c\uc0ac \ud30c\ube0c\ubbf8\ub514\uc5b4"", ""dist"": 1.41519271520171}]",1,67805530
6158614580,주식회사 예명테크,4111,계측 장비 (계측기·수질분석기·유량계),,지역미상,True,6.1214517886941975,1,False,False,0.41419972728948423,1.4142942018431122,3568801201,주식회사 광성이엔지,1.4142320148086258,"[{""brn"": ""3568801201"", ""name"": ""\uc8fc\uc2dd\ud68c\uc0ac \uad11\uc131\uc774\uc5d4\uc9c0"", ""dist"": 1.4142320148086258}, {""brn"": ""2448101404"", ""name"": ""\uc8fc\uc2dd\ud68c\uc0ac \uc11c\uc9c4\uc5d4\ud14d"", ""dist"": 1.4142320148086265}, {""brn"": ""1558100861"", ""name"": ""\uc544\ub2e4\uc2a4 \uc8fc\uc2dd\ud68c\uc0ac"", ""dist"": 1.414418575912085}, {""brn"": ""6028801439"", ""name"": ""\uc8fc\uc2dd\ud68c\uc0ac \ub3d9\ud558\uc774\uc5d4\uc9c0"", ""dist"": 1.4145017861943943}, {""brn"": ""3218701571"", ""name"": ""\uc8fc\uc2dd\ud68c\uc0ac \ud2f0\uc54c"", ""dist"": 1.414738337709852}]",1,76021470
2338701406,주식회사 청운엔지니어링,4015,펌프·압축기 (수중펌프·공기압축기),,지역미상,False,5.987297100124724,1,False,False,0.41419894217057807,1.414298778165816,8298701298,주식회사 에스엠산업가스,1.4142286674459073,"[{""brn"": ""8298701298"", ""name"": ""\uc8fc\uc2dd\ud68c\uc0ac \uc5d0\uc2a4\uc5e0\uc0b0\uc5c5\uac00\uc2a4"", ""dist"": 1.4142286674459073}, {""brn"": ""5428601040"", ""name"": ""\uc8fc\uc2dd\ud68c\uc0ac \ud55c\uc9c4\uac00\uc2a4\ud14d"", ""dist"": 1.4143181648306666}, {""brn"": ""7342601117"", ""name"": ""\uc5d0\ubca4\uc5d0\uc140"", ""dist"": 1.4143495022208739}, {""brn"": ""2740601179"", ""name"": ""\ubb38\ud654\uc608\uc220ATO & \ube44\uc2a4\ud2b8Ent."", ""dist"": 1.4150334383118586}, {""brn"": ""3431301212"", ""name"": ""\uc5e0\uc81c\uc774\ub7a9"", ""dist"": 1.4155988758485747}]",1,40005504
6076064717,부경Tech,4015,펌프·압축기 (수중펌프·공기압축기),,지역미상,False,5.762793335579892,1,False,False,0.4141945206117856,1.4143245509934583,7342601117,에벤에셀,1.4142397137128122,"[{""brn"": ""7342601117"", ""name"": ""\uc5d0\ubca4\uc5d0\uc140"", ""dist"": 1.4142397137128122}, {""brn"": ""2740601179"", ""name"": ""\ubb38\ud654\uc608\uc220ATO & \ube44\uc2a4\ud2b8Ent."", ""dist"": 1.4143543136411936}, {""brn"": ""8298701298"", ""name"": ""\uc8fc\uc2dd\ud68c\uc0ac \uc5d0\uc2a4\uc5e0\uc0b0\uc5c5\uac00\uc2a4"", ""dist"": 1.4143796256263692}, {""brn"": ""5428601040"", ""name"": ""\uc8fc\uc2dd\ud68c\uc0ac \ud55c\uc9c4\uac00\uc2a4\ud14d"", ""dist"": 1.4149424387939766}, {""brn"": ""7072900951"", ""name"": ""\uc5d0\uc774\uce58\uc5e0"", ""dist"": 1.4153940332707993}]",1,52939140
5508101634,선인협동조합,2410,운반·물류 장비 (지게차·엘리베이터),41,경기,False,2.3459555532390297,1,False,False,0.4141915825810225,1.4143416767876589,7445400855,고스테이션,1.414248751503378,"[{""brn"": ""7445400855"", ""name"": ""\uace0\uc2a4\ud14c\uc774\uc158"", ""dist"": 1.414248751503378}, {""brn"": ""2473400512"", ""name"": ""\ube0c\ub9bf\uc9c0"", ""dist"": 1.4143692498591325}, {""brn"": ""5848703049"", ""name"": ""\uc8fc\uc2dd\ud68c\uc0ac \ub298\ud574\ub791\ucef4\ud37c\ub2c8"", ""dist"": 1.4144070290004656}, {""brn"": ""2548601895"", ""name"": ""\uc8fc\uc2dd\ud68c\uc0ac \ud480\ucf54\uc2a4"", ""dist"": 1.414418575912085}, {""brn"": ""3526600630"", ""name"": ""\ud55c\uc194\uc720\ud1b5"", ""dist"": 1.4150334383118586}]",1,88246400
2598601018,주식회사 한백정밀,4111,계측 장비 (계측기·수질분석기·유량계),41,경기,False,2.35964480717469,1,False,False,0.4141908767224799,1.4143457912763961,7445400855,고스테이션,1.414261931511091,"[{""brn"": ""7445400855"", ""name"": ""\uace0\uc2a4\ud14c\uc774\uc158"", ""dist"": 1.414261931511091}, {""brn"": ""5848703049"", ""name"": ""\uc8fc\uc2dd\ud68c\uc0ac \ub298\ud574\ub791\ucef4\ud37c\ub2c8"", ""dist"": 1.4143796256263692}, {""brn"": ""2473400512"", ""name"": ""\ube0c\ub9bf\uc9c0"", ""dist"": 1.4143958166917285}, {""brn"": ""2548601895"", ""name"": ""\uc8fc\uc2dd\ud68c\uc0ac \ud480\ucf54\uc2a4"", ""dist"": 1.4144489070243804}, {""brn"": ""2362501649"", ""name"": ""\uc601\uc7ac\uc720\ud1b5"", ""dist"": 1.41497593699935}]",1,88246400
1438122993,(주)스틸라이트,3010,건자재 (골재·목재),41,경기,True,4.793594156935128,1,False,False,0.41419014054839237,1.4143500824910724,6758601428,엔에스펌프 주식회사,1.414216240292506,"[{""brn"": ""6758601428"", ""name"": ""\uc5d4\uc5d0\uc2a4\ud38c\ud504 \uc8fc\uc2dd\ud68c\uc0ac"", ""dist"": 1.414216240292506}, {""brn"": ""3978602264"", ""name"": ""\uc778\ucc9c\ubbf8\ub798\uc0b0\uc5c5(\uc8fc)"", ""dist"": 1.4143181648306669}, {""brn"": ""1548701267"", ""name"": ""\uc8fc\uc2dd\ud68c\uc0ac \uc21c\uc218\ud329\ud1a0\ub9ac"", ""dist"": 1.4145158423500444}, {""brn"": ""4168199463"", ""name"": ""\uc8fc\uc2dd\ud68c\uc0ac \uc608\uc77c\uc0b0\uc5c5"", ""dist"": 1.4152977470174077}, {""brn"": ""2145700618"", ""name"": ""\uc120\uc6b0\uc2dc\uc2a4\ud15c"", ""dist"": 1.4154653134898465}]",1,51500000
2448802998,주식회사 도연아이티,4111,계측 장비 (계측기·수질분석기·유량계),41,경기,False,2.3979747181945394,1,False,False,0.4141869914943032,1.4143684387387478,7445400855,고스테이션,1.4143099642774841,"[{""brn"": ""7445400855"", ""name"": ""\uace0\uc2a4\ud14c\uc774\uc158"", ""dist"": 1.4143099642774841}, {""brn"": ""5848703049"", ""name"": ""\uc8fc\uc2dd\ud68c\uc0ac \ub298\ud574\ub791\ucef4\ud37c\ub2c8"", ""dist"": 1.4143140227204616}, {""brn"": ""2473400512"", ""name"": ""\ube0c\ub9bf\uc9c0"", ""dist"": 1.4144813292182972}, {""brn"": ""2548601895"", ""name"": ""\uc8fc\uc2dd\ud68c\uc0ac \ud480\ucf54\uc2a4"", ""dist"": 1.414544958228143}, {""brn"": ""2362501649"", ""name"": ""\uc601\uc7ac\uc720\ud1b5"", ""dist"": 1.414826046230129}]",1,88246400
3265100277,이엠텍솔루션,4710,수처리 약품 (응집제·여과재),41,경기,False,6.154305998139782,1,False,False,0.4141817381514666,1.4143990617816646,4601501321,토마토,1.414228667445907,"[{""brn"": ""4601501321"", ""name"": ""\ud1a0\ub9c8\ud1a0"", ""dist"": 1.414228667445907}, {""brn"": ""4071068699"", ""name"": ""\ud589\ubcf5\uac00\ub4e0"", ""dist"": 1.4142487515033781}, {""brn"": ""8796800288"", ""name"": ""\uc5e0\uc5d0\uc2a4\ud1a0\ud0c8"", ""dist"": 1.4147197663957083}, {""brn"": ""3383300897"", ""name"": ""\ud558\uc724\uc2a4\ud1a0\ub9ac(HY STORY)"", ""dist"": 1.4155536040102024}, {""brn"": ""2740601179"", ""name"": ""\ubb38\ud654\uc608\uc220ATO & \ube44\uc2a4\ud2b8Ent."", ""dist"": 1.415903033292712}]",1,74701000
2300201356,청심,4710,수처리 약품 (응집제·여과재),27,대구,True,5.9927728016989885,1,False,False,0.4141808175754678,1.4144044281282782,4468801727,주식회사 성신,1.414239713712812,"[{""brn"": ""4468801727"", ""name"": ""\uc8fc\uc2dd\ud68c\uc0ac \uc131\uc2e0"", ""dist"": 1.414239713712812}, {""brn"": ""3218701571"", ""name"": ""\uc8fc\uc2dd\ud68c\uc0ac \ud2f0\uc54c"", ""dist"": 1.4143903360159369}, {""brn"": ""4608601812"", ""name"": ""\uc8fc\uc2dd\ud68c\uc0ac \ud574\uc628\ud14c\ud06c"", ""dist"": 1.4145832346560858}, {""brn"": ""6028801439"", ""name"": ""\uc8fc\uc2dd\ud68c\uc0ac \ub3d9\ud558\uc774\uc5d4\uc9c0"", ""dist"": 1.4149205244327672}, {""brn"": ""5688200201"", ""name"": ""\ud070\ub098\ub77c\ucc2c\uc0ac\ud68c\uc801\ud611\ub3d9\uc870\ud569"", ""dist"": 1.4152843257906318}]",1,67805530
1238646472,주식회사 새론이앤티,3912,전기 설비 (배전반·계장제어·UPS),11,서울,False,2.554032213061069,1,False,False,0.4141803863741051,1.4144069417540168,6191578121,나나컴퍼니,1.414264818544,"[{""brn"": ""6191578121"", ""name"": ""\ub098\ub098\ucef4\ud37c\ub2c8"", ""dist"": 1.414264818544}, {""brn"": ""2893001481"", ""name"": ""\uc11c\uc628\uc0c1\uc0ac"", ""dist"": 1.4144746774997534}, {""brn"": ""4121602269"", ""name"": ""\uc11c\uc544\uae30\uc5c5"", ""dist"": 1.4144813292182974}, {""brn"": ""6918702561"", ""name"": ""\uc8fc\uc2dd\ud68c\uc0ac \ub77c\uc774\uc988\ubbf8\ub514\uc5b4"", ""dist"": 1.4161106437259539}, {""brn"": ""5156016686"", ""name"": ""\uccb4\ub9ac\ubaac"", ""dist"": 1.4168893295556086}]",1,83234180
1011563864,이음,1216,실험·분석 시약 (살균제·시약키트),,지역미상,False,2.115976087119933,1,False,False,0.41417091180210336,1.4144621737168588,2473400512,브릿지,1.4142356968984655,"[{""brn"": ""2473400512"", ""name"": ""\ube0c\ub9bf\uc9c0"", ""dist"": 1.4142356968984655}, {""brn"": ""5156016686"", ""name"": ""\uccb4\ub9ac\ubaac"", ""dist"": 1.4145754121260554}, {""brn"": ""1180824274"", ""name"": ""\ubcc4\uc774\uc0c1\uc0ac"", ""dist"": 1.4145754121260554}, {""brn"": ""2893001481"", ""name"": ""\uc11c\uc628\uc0c1\uc0ac"", ""dist"": 1.4166016332794336}, {""brn"": ""6731801914"", ""name"": ""\ub514\uc544\uc774\uc528\ucf54\ub9ac\uc544"", ""dist"": 1.4168472313104765}]",5,123500800
8452100766,GOSCO,2410,운반·물류 장비 (지게차·엘리베이터),,지역미상,False,6.154305998139782,1,False,False,0.41416465128049323,1.4144986707780365,5428601040,주식회사 한진가스텍,1.4142186253102123,"[{""brn"": ""5428601040"", ""name"": ""\uc8fc\uc2dd\ud68c\uc0ac \ud55c\uc9c4\uac00\uc2a4\ud14d"", ""dist"": 1.4142186253102123}, {""brn"": ""8298701298"", ""name"": ""\uc8fc\uc2dd\ud68c\uc0ac \uc5d0\uc2a4\uc5e0\uc0b0\uc5c5\uac00\uc2a4"", ""dist"": 1.4144813292182967}, {""brn"": ""7342601117"", ""name"": ""\uc5d0\ubca4\uc5d0\uc140"", ""dist"": 1.4147960578056002}, {""brn"": ""3431301212"", ""name"": ""\uc5e0\uc81c\uc774\ub7a9"", ""dist"": 1.4148260462301288}, {""brn"": ""1498701775"", ""name"": ""\ub3d9\uc0b0 \uc8fc\uc2dd\ud68c\uc0ac"", ""dist"": 1.4150570236289945}]",1,31988000
3631700286,안전사,4015,펌프·압축기 (수중펌프·공기압축기),,지역미상,False,6.173470953649707,1,False,False,0.4141635887330534,1.414504865237064,5428601040,주식회사 한진가스텍,1.4142271192879696,"[{""brn"": ""5428601040"", ""name"": ""\uc8fc\uc2dd\ud68c\uc0ac \ud55c\uc9c4\uac00\uc2a4\ud14d"", ""dist"": 1.4142271192879696}, {""brn"": ""8298701298"", ""name"": ""\uc8fc\uc2dd\ud68c\uc0ac \uc5d0\uc2a4\uc5e0\uc0b0\uc5c5\uac00\uc2a4"", ""dist"": 1.4145302330313643}, {""brn"": ""3431301212"", ""name"": ""\uc5e0\uc81c\uc774\ub7a9"", ""dist"": 1.4147572433918576}, {""brn"": ""7342601117"", ""name"": ""\uc5d0\ubca4\uc5d0\uc140"", ""dist"": 1.4148672008575238}, {""brn"": ""1498701775"", ""name"": ""\ub3d9\uc0b0 \uc8fc\uc2dd\ud68c\uc0ac"", ""dist"": 1.4149759369993502}]",1,31988000
1268148678,주식회사 경원압축기,4015,펌프·압축기 (수중펌프·공기압축기),41,경기,False,7.736783753102137,1,False,False,0.4141564140800783,1.4145466929956736,7934400367,평화상사,1.414364187461199,"[{""brn"": ""7934400367"", ""name"": ""\ud3c9\ud654\uc0c1\uc0ac"", ""dist"": 1.414364187461199}, {""brn"": ""7213200433"", ""name"": ""\ub7a9\ucf54\ub4dc"", ""dist"": 1.4145375538159688}, {""brn"": ""4193500550"", ""name"": ""\uc218\ucef4\ud37c\ub2c8"", ""dist"": 1.4147383377098524}, {""brn"": ""1158800896"", ""name"": ""\ub300\uc2e0\uac00\uc2a4\uc8fc\uc2dd\ud68c\uc0ac"", ""dist"": 1.4148059703677185}, {""brn"": ""7513000560"", ""name"": ""\ud589\ubcf5\uc0b0\uc5c5"", ""dist"": 1.416218950131065}]",2,377340970
3943501094,화이트,3010,건자재 (골재·목재),41,경기,False,3.92295760662712,1,False,False,0.41415137596558116,1.4145760657405295,5341402018,이서환경,1.4145158423500444,"[{""brn"": ""5341402018"", ""name"": ""\uc774\uc11c\ud658\uacbd"", ""dist"": 1.4145158423500444}, {""brn"": ""6868702439"", ""name"": ""\uc8fc\uc2dd\ud68c\uc0ac \uc778\ud329\uc194\ub8e8\uc158"", ""dist"": 1.4145375538159688}, {""brn"": ""3170449063"", ""name"": ""GM\ud14c\ud06c"", ""dist"": 1.4146748010555754}, {""brn"": ""5118801924"", ""name"": ""\uc8fc\uc2dd\ud68c\uc0ac \uc6b0\uc6d0\uc774\uc5d4\uc9c0"", ""dist"": 1.4151927152017105}, {""brn"": ""7545000626"", ""name"": ""\ub9ac\ud37c\ube14\ub9ad\ucee4\ubba4\ub2c8\ucf00\uc774\uc158\uc988"", ""dist"": 1.4154365509947415}]",1,31425311
4078800612,주식회사 레이텍,4111,계측 장비 (계측기·수질분석기·유량계),,지역미상,True,5.146776908475169,1,False,False,0.4141490837429454,1.4145894298795103,4168199463,주식회사 예일산업,1.4142564084751907,"[{""brn"": ""4168199463"", ""name"": ""\uc8fc\uc2dd\ud68c\uc0ac \uc608\uc77c\uc0b0\uc5c5"", ""dist"": 1.4142564084751907}, {""brn"": ""1398701986"", ""name"": ""\uc8fc\uc2dd\ud68c\uc0ac \uc0bc\uc131\uc5d4\ube44\ucf54"", ""dist"": 1.4146236015700036}, {""brn"": ""3108124631"", ""name"": ""\uc2e0\uac15\uac74\uc124\uc0b0\uc5c5 \uc8fc\uc2dd\ud68c\uc0ac"", ""dist"": 1.414888279593337}, {""brn"": ""5398800715"", ""name"": ""\ub300\uc131\uacf5\uc5c5\uc8fc\uc2dd\ud68c\uc0ac"", ""dist"": 1.4157232718941153}, {""brn"": ""4608601812"", ""name"": ""\uc8fc\uc2dd\ud68c\uc0ac \ud574\uc628\ud14c\ud06c"", ""dist"": 1.416146412498022}]",1,40991740
8322601240,디와이씨 바이오(DYC-BIO),1216,실험·분석 시약 (살균제·시약키트),,지역미상,False,3.4520472712403985,1,False,False,0.41414257724291215,1.4146273649460042,7738102594,주식회사 에이아이사이언티픽,1.41425377247318,"[{""brn"": ""7738102594"", ""name"": ""\uc8fc\uc2dd\ud68c\uc0ac \uc5d0\uc774\uc544\uc774\uc0ac\uc774\uc5b8\ud2f0\ud53d"", ""dist"": 1.41425377247318}, {""brn"": ""7765000873"", ""name"": ""\uc9c0\uac10\uc131"", ""dist"": 1.4146748010555756}, {""brn"": ""6428100138"", ""name"": ""\uc8fc\uc2dd\ud68c\uc0ac\uc81c\uc774\uc720\ub80c\ud2b8\uce74"", ""dist"": 1.4149535213092566}, {""brn"": ""6731801914"", ""name"": ""\ub514\uc544\uc774\uc528\ucf54\ub9ac\uc544"", ""dist"": 1.4165618657835841}, {""brn"": ""2893001481"", ""name"": ""\uc11c\uc628\uc0c1\uc0ac"", ""dist"": 1.4168054659423677}]",1,88088000
3378800365,주식회사 해원일렉컴,3912,전기 설비 (배전반·계장제어·UPS),41,경기,False,10.148830296565519,1,False,False,0.4141334275313164,1.414680712834708,1388600046,주식회사 인프라원,1.4146748010555756,"[{""brn"": ""1388600046"", ""name"": ""\uc8fc\uc2dd\ud68c\uc0ac \uc778\ud504\ub77c\uc6d0"", ""dist"": 1.4146748010555756}, {""brn"": ""4535600123"", ""name"": ""\uc138\ub9bc\uc0c1\uc0ac"", ""dist"": 1.4146748010555756}, {""brn"": ""4083713817"", ""name"": ""\ud558\uc774\ub4dc\ub9bc"", ""dist"": 1.4146925363929723}, {""brn"": ""1388197681"", ""name"": ""\uc8fc\uc2dd\ud68c\uc0ac \uc81c\ub2c8\uc2a4\ubc14\uc774\uc624\ucf00\ubbf8\uce7c"", ""dist"": 1.4221091744286523}, {""brn"": ""5556700196"", ""name"": ""\ub2e4\uc740\ucef4\ud37c\ub2c8"", ""dist"": 1.4315686300889032}]",1,46920000
1968103587,주식회사 디와이씨바이오,1216,실험·분석 시약 (살균제·시약키트),,지역미상,False,1.7107741706243822,1,False,False,0.41412915859465177,1.414705603907492,5156016686,체리몬,1.4143401303638674,"[{""brn"": ""5156016686"", ""name"": ""\uccb4\ub9ac\ubaac"", ""dist"": 1.4143401303638674}, {""brn"": ""1180824274"", ""name"": ""\ubcc4\uc774\uc0c1\uc0ac"", ""dist"": 1.4143401303638674}, {""brn"": ""2473400512"", ""name"": ""\ube0c\ub9bf\uc9c0"", ""dist"": 1.4154365509947415}, {""brn"": ""2893001481"", ""name"": ""\uc11c\uc628\uc0c1\uc0ac"", ""dist"": 1.420466452854307}, {""brn"": ""6731801914"", ""name"": ""\ub514\uc544\uc774\uc528\ucf54\ub9ac\uc544"", ""dist"": 1.420859319985331}]",1,179721862
2628100698,주식회사 에스에코,4111,계측 장비 (계측기·수질분석기·유량계),,지역미상,True,8.982505861247244,1,False,False,0.41412779953894113,1.4147135283198207,5928100740,주식회사 남강펌프,1.4145375538159688,"[{""brn"": ""5928100740"", ""name"": ""\uc8fc\uc2dd\ud68c\uc0ac \ub0a8\uac15\ud38c\ud504"", ""dist"": 1.4145375538159688}, {""brn"": ""2608700826"", ""name"": ""\ubbf8\ub798\uc774\uc5d4\uc9c0 \uc720\ud55c\ud68c\uc0ac"", ""dist"": 1.4147668216166296}, {""brn"": ""8908100440"", ""name"": ""\uc5d0\uc774\uce58\ub354\ube14\uc720\uc5d4\ud14d(\uc8fc)"", ""dist"": 1.4148362095268634}, {""brn"": ""4090939947"", ""name"": ""\ud55c\uad6d\uc774\uc5d4\uc9c0"", ""dist"": 1.415297747017408}, {""brn"": ""4351800521"", ""name"": ""\ud0dc\uc131\ud14c\ud06c"", ""dist"": 1.4160053378900062}]",2,1136097800
7918100556,주식회사 엠제이폴리텍,1216,실험·분석 시약 (살균제·시약키트),41,경기,True,4.514333376647654,1,False,False,0.4141173028477234,1.4147747344131465,2145700618,선우시스템,1.414424474841424,"[{""brn"": ""2145700618"", ""name"": ""\uc120\uc6b0\uc2dc\uc2a4\ud15c"", ""dist"": 1.414424474841424}, {""brn"": ""6758601428"", ""name"": ""\uc5d4\uc5d0\uc2a4\ud38c\ud504 \uc8fc\uc2dd\ud68c\uc0ac"", ""dist"": 1.4147197663957076}, {""brn"": ""3978602264"", ""name"": ""\uc778\ucc9c\ubbf8\ub798\uc0b0\uc5c5(\uc8fc)"", ""dist"": 1.4151799620023071}, {""brn"": ""1548701267"", ""name"": ""\uc8fc\uc2dd\ud68c\uc0ac \uc21c\uc218\ud329\ud1a0\ub9ac"", ""dist"": 1.4156759976685338}, {""brn"": ""5503201432"", ""name"": ""\uc9c0\uc628\ud14c\ud06c"", ""dist"": 1.4165618657835843}]",1,52250000
1178190906,주식회사 글로리바이오텍,4111,계측 장비 (계측기·수질분석기·유량계),11,서울,True,10.324052746941973,1,False,False,0.414098035520901,1.4148870900633057,8338700207,케이앤제이엔지니어링주식회사,1.4142591281546553,"[{""brn"": ""8338700207"", ""name"": ""\ucf00\uc774\uc564\uc81c\uc774\uc5d4\uc9c0\ub2c8\uc5b4\ub9c1\uc8fc\uc2dd\ud68c\uc0ac"", ""dist"": 1.4142591281546553}, {""brn"": ""6828200040"", ""name"": ""\uc0ac\ub2e8\ubc95\uc778 \ud55c\uad6d\uc7a5\uc560\uc778\uc0c1\uc0dd\ubcf5\uc9c0\ud68c"", ""dist"": 1.4147572433918583}, {""brn"": ""1348678450"", ""name"": ""\uc8fc\uc2dd\ud68c\uc0ac \uc5d0\uc2a4\uc544\uc774\ub514"", ""dist"": 1.4156448986434031}, {""brn"": ""1048212861"", ""name"": ""\uc0ac\ub2e8\ubc95\uc778 \ud55c\uad6d\uc7a5\uc560\uc778\ubb38\ud654\ucf58\ud150\uce20\ud611\ud68c"", ""dist"": 1.4182548395512415}, {""brn"": ""2018629448"", ""name"": ""\uc8fc\uc2dd\ud68c\uc0ac \ud6a8\uc131\ubb38\ud654"", ""dist"": 1.4204342505927188}]",8,3158143000
7498701895,주식회사 행복공간,1216,실험·분석 시약 (살균제·시약키트),,지역미상,False,4.8319240679549775,1,False,False,0.4140838482439542,1.4149698285523513,3800102293,태숙컨설팅,1.4142271192879705,"[{""brn"": ""3800102293"", ""name"": ""\ud0dc\uc219\ucee8\uc124\ud305"", ""dist"": 1.4142271192879705}, {""brn"": ""8923800872"", ""name"": ""\ub4dc\ub9bc\uc720\ud1b5"", ""dist"": 1.415231475859684}, {""brn"": ""7072900951"", ""name"": ""\uc5d0\uc774\uce58\uc5e0"", ""dist"": 1.4154508905093992}, {""brn"": ""2740601179"", ""name"": ""\ubb38\ud654\uc608\uc220ATO & \ube44\uc2a4\ud2b8Ent."", ""dist"": 1.4175371423460716}, {""brn"": ""7342601117"", ""name"": ""\uc5d0\ubca4\uc5d0\uc140"", ""dist"": 1.419777090006205}]",1,56664600
2271017463,한길랩서비스,4111,계측 장비 (계측기·수질분석기·유량계),41,경기,False,6.833292993348544,1,False,False,0.41406298825124976,1.4150914918123736,1352350445,하나누리,1.4143447744614854,"[{""brn"": ""1352350445"", ""name"": ""\ud558\ub098\ub204\ub9ac"", ""dist"": 1.4143447744614854}, {""brn"": ""7513000560"", ""name"": ""\ud589\ubcf5\uc0b0\uc5c5"", ""dist"": 1.4147290102559686}, {""brn"": ""4193500550"", ""name"": ""\uc218\ucef4\ud37c\ub2c8"", ""dist"": 1.416200690719667}, {""brn"": ""4071068699"", ""name"": ""\ud589\ubcf5\uac00\ub4e0"", ""dist"": 1.416218950131065}, {""brn"": ""4601501321"", ""name"": ""\ud1a0\ub9c8\ud1a0"", ""dist"": 1.4171933353067732}]",1,91969900
3031243600,스마일물류기계,2410,운반·물류 장비 (지게차·엘리베이터),,지역미상,False,3.2686112685025477,1,False,False,0.4140453826703228,1.4151941836681086,7765000873,지감성,1.414273981696369,"[{""brn"": ""7765000873"", ""name"": ""\uc9c0\uac10\uc131"", ""dist"": 1.414273981696369}, {""brn"": ""6731801914"", ""name"": ""\ub514\uc544\uc774\uc528\ucf54\ub9ac\uc544"", ""dist"": 1.41542229494841}, {""brn"": ""6428100138"", ""name"": ""\uc8fc\uc2dd\ud68c\uc0ac\uc81c\uc774\uc720\ub80c\ud2b8\uce74"", ""dist"": 1.415886274359546}, {""brn"": ""1180824274"", ""name"": ""\ubcc4\uc774\uc0c1\uc0ac"", ""dist"": 1.42522532007602}, {""brn"": ""3800102293"", ""name"": ""\ud0dc\uc219\ucee8\uc124\ud305"", ""dist"": 1.4269520142995227}]",1,69381653
1258617594,주식회사 폴라리스,4111,계측 장비 (계측기·수질분석기·유량계),41,경기,False,12.221383342424518,1,False,False,0.41402879657629243,1.4152909369330102,1245259752,썬테크,1.4145158423500444,"[{""brn"": ""1245259752"", ""name"": ""\uc36c\ud14c\ud06c"", ""dist"": 1.4145158423500444}, {""brn"": ""1401086324"", ""name"": ""\uc720\ub2c8\uc194\ud2b8"", ""dist"": 1.4146748010555754}, {""brn"": ""2171150502"", ""name"": ""\uc9c4\ub808\ub4dc"", ""dist"": 1.4166821673934107}, {""brn"": ""2148897121"", ""name"": ""\uc8fc\uc2dd\ud68c\uc0ac \uc5b4\ud53c\ub2c8\ud2f0"", ""dist"": 1.417608147835926}, {""brn"": ""1388197681"", ""name"": ""\uc8fc\uc2dd\ud68c\uc0ac \uc81c\ub2c8\uc2a4\ubc14\uc774\uc624\ucf00\ubbf8\uce7c"", ""dist"": 1.4185453291489132}]",1,18593300
6028163867,부성선박주식회사,2410,운반·물류 장비 (지게차·엘리베이터),26,부산,True,10.340479851664766,1,False,False,0.4140176015500332,1.4153562463434344,4598700203,(주)태연테크,1.4142537724731807,"[{""brn"": ""4598700203"", ""name"": ""(\uc8fc)\ud0dc\uc5f0\ud14c\ud06c"", ""dist"": 1.4142537724731807}, {""brn"": ""7678800168"", ""name"": ""\uac70\uc131\uc774\uc5d4\uc9c0 \uc8fc\uc2dd\ud68c\uc0ac"", ""dist"": 1.4146660587909439}, {""brn"": ""3178145428"", ""name"": ""\uc8fc\uc2dd\ud68c\uc0ac \ubc31\uc120"", ""dist"": 1.4171489077661783}, {""brn"": ""6068659002"", ""name"": ""(\uc8fc)\uc528\uc564\uc528\uc194\ub8e8\uc158"", ""dist"": 1.421575423206987}, {""brn"": ""1378602279"", ""name"": ""\uc8fc\uc2dd\ud68c\uc0ac \uc815\ubb38\uc774\uc5d4\uc774"", ""dist"": 1.4432981527520308}]",7,1731717000
4091908235,더마힐CMS,4111,계측 장비 (계측기·수질분석기·유량계),29,광주,False,3.7997543212061755,1,False,False,0.41400161479376063,1.4154495158144755,6068664989,주식회사 대일바이오메드,1.4146748010555759,"[{""brn"": ""6068664989"", ""name"": ""\uc8fc\uc2dd\ud68c\uc0ac \ub300\uc77c\ubc14\uc774\uc624\uba54\ub4dc"", ""dist"": 1.4146748010555759}, {""brn"": ""6122552599"", ""name"": ""\uc548\uac00"", ""dist"": 1.4157874720283052}, {""brn"": ""8515300966"", ""name"": ""\ub3d9\ud654\uc0c1\uc0ac"", ""dist"": 1.415886274359546}, {""brn"": ""6147100487"", ""name"": ""\ub2e4\uc740\ucef4\ud37c\ub2c8"", ""dist"": 1.4171933353067734}, {""brn"": ""6578702144"", ""name"": ""\uc8fc\uc2dd\ud68c\uc0ac \ucf00\uc774\uc640\uc774\uc5d0\uc774\uce58"", ""dist"": 1.4218577848771354}]",2,65066300
1388150634,컴레이저(주),4111,계측 장비 (계측기·수질분석기·유량계),41,경기,False,12.010568831815347,1,False,False,0.41399078832689357,1.4155126833652745,1245259752,썬테크,1.414216240292506,"[{""brn"": ""1245259752"", ""name"": ""\uc36c\ud14c\ud06c"", ""dist"": 1.414216240292506}, {""brn"": ""1401086324"", ""name"": ""\uc720\ub2c8\uc194\ud2b8"", ""dist"": 1.4155988758485751}, {""brn"": ""1388197681"", ""name"": ""\uc8fc\uc2dd\ud68c\uc0ac \uc81c\ub2c8\uc2a4\ubc14\uc774\uc624\ucf00\ubbf8\uce7c"", ""dist"": 1.4167229339547425}, {""brn"": ""8811900022"", ""name"": ""\ud3ec\ub099\uc5d0\uc774\uce58\uc5d0\uc774(HA)"", ""dist"": 1.4184120442379775}, {""brn"": ""2171150502"", ""name"": ""\uc9c4\ub808\ub4dc"", ""dist"": 1.418491766389419}]",1,18593300
1318609838,주식회사 세민,2410,운반·물류 장비 (지게차·엘리베이터),28,인천,False,3.8955790987557988,1,False,False,0.41395742355386744,1.4157073725478726,5941601752,연모,1.4147383377098517,"[{""brn"": ""5941601752"", ""name"": ""\uc5f0\ubaa8"", ""dist"": 1.4147383377098517}, {""brn"": ""3551601540"", ""name"": ""\uc774\uc5d0\uc2a4\uc194\ub8e8\uc158"", ""dist"": 1.4159198756117317}, {""brn"": ""6147100487"", ""name"": ""\ub2e4\uc740\ucef4\ud37c\ub2c8"", ""dist"": 1.4164639043220344}, {""brn"": ""8515300966"", ""name"": ""\ub3d9\ud654\uc0c1\uc0ac"", ""dist"": 1.416522431365971}, {""brn"": ""8393701140"", ""name"": ""\ubcf4\uc131\uae30\ud504\ud2b8"", ""dist"": 1.4264974416477059}]",1,219500108
1138160040,킹스엔지니어링(주),3912,전기 설비 (배전반·계장제어·UPS),28,인천,True,23.977714622369763,1,False,False,0.4139564462317791,1.4157130758632714,4108212427,(사)한올장애인자립복지회,1.4146836269234402,"[{""brn"": ""4108212427"", ""name"": ""(\uc0ac)\ud55c\uc62c\uc7a5\uc560\uc778\uc790\ub9bd\ubcf5\uc9c0\ud68c"", ""dist"": 1.4146836269234402}, {""brn"": ""1378126164"", ""name"": ""\uc8fc\uc2dd\ud68c\uc0ac \ubcf4\uc740\uc815\uacf5"", ""dist"": 1.415523840018281}, {""brn"": ""1218146073"", ""name"": ""\uc8fc\uc2dd\ud68c\uc0ac \uc601\uc9c4\uc528\uc5d4\uc528"", ""dist"": 1.4169317606480925}, {""brn"": ""1338128627"", ""name"": ""\uc8fc\uc2dd\ud68c\uc0ac\uc77c\ub809\ucf64"", ""dist"": 1.4276962717073447}, {""brn"": ""1378128430"", ""name"": ""(\uc8fc)\ud53c\ub2c9\uc2a4"", ""dist"": 1.4422087991350991}]",1,273900000
1371832207,근호정밀,3010,건자재 (골재·목재),28,인천,False,1.5054353615894744,1,False,False,0.41392187057171453,1.4159148648482531,3883501352,루아프라임,1.414261931511091,"[{""brn"": ""3883501352"", ""name"": ""\ub8e8\uc544\ud504\ub77c\uc784"", ""dist"": 1.414261931511091}, {""brn"": ""4137400527"", ""name"": ""\ub530\uc634\ucef4\ud37c\ub2c8"", ""dist"": 1.414719766395708}, {""brn"": ""8393701140"", ""name"": ""\ubcf4\uc131\uae30\ud504\ud2b8"", ""dist"": 1.4187628966379604}, {""brn"": ""8515300966"", ""name"": ""\ub3d9\ud654\uc0c1\uc0ac"", ""dist"": 1.4311439712235896}, {""brn"": ""5941601752"", ""name"": ""\uc5f0\ubaa8"", ""dist"": 1.4382413321354564}]",1,51860968
3142259533,K.V 바이오젠,1216,실험·분석 시약 (살균제·시약키트),,지역미상,True,13.505435361589475,1,False,False,0.4139007581020348,1.4160380971167008,5108122946,주식회사 에스에이치,1.4149096925907203,"[{""brn"": ""5108122946"", ""name"": ""\uc8fc\uc2dd\ud68c\uc0ac \uc5d0\uc2a4\uc5d0\uc774\uce58"", ""dist"": 1.4149096925907203}, {""brn"": ""3018197765"", ""name"": ""\uc8fc\uc2dd\ud68c\uc0ac \ud0dc\uc131\uc2a4\ud2f8"", ""dist"": 1.416522431365971}, {""brn"": ""6158185950"", ""name"": ""\uc8fc\uc2dd\ud68c\uc0ac \uc81c\uc77c\uc5d0\ub108\uc9c0"", ""dist"": 1.4166821673934107}, {""brn"": ""3018187739"", ""name"": ""\uc5d4\ud0d1\ucee8\ubc84\uc804\uc2a4 \uc8fc\uc2dd\ud68c\uc0ac"", ""dist"": 1.4264974416477063}, {""brn"": ""4098644330"", ""name"": ""\uacf5\uba85\ud658\uacbd\uae30\uacc4(\uc8fc)"", ""dist"": 1.4309335795058529}]",1,368462684
1220279140,태성스텐,3010,건자재 (골재·목재),28,인천,False,2.4198775244915964,1,False,False,0.41387297018275493,1.4162003127636664,8393701140,보성기프트,1.4142142318534234,"[{""brn"": ""8393701140"", ""name"": ""\ubcf4\uc131\uae30\ud504\ud2b8"", ""dist"": 1.4142142318534234}, {""brn"": ""4137400527"", ""name"": ""\ub530\uc634\ucef4\ud37c\ub2c8"", ""dist"": 1.4163114970740516}, {""brn"": ""8515300966"", ""name"": ""\ub3d9\ud654\uc0c1\uc0ac"", ""dist"": 1.418075209363524}, {""brn"": ""3883501352"", ""name"": ""\ub8e8\uc544\ud504\ub77c\uc784"", ""dist"": 1.4198687382161508}, {""brn"": ""5941601752"", ""name"": ""\uc5f0\ubaa8"", ""dist"": 1.421822201404655}]",1,423791030
6678702710,주식회사 태산건설,3010,건자재 (골재·목재),,지역미상,False,4.437673554607955,1,False,False,0.4138376202186768,1.4164067043290742,3800102293,태숙컨설팅,1.4148776984417955,"[{""brn"": ""3800102293"", ""name"": ""\ud0dc\uc219\ucee8\uc124\ud305"", ""dist"": 1.4148776984417955}, {""brn"": ""6428100138"", ""name"": ""\uc8fc\uc2dd\ud68c\uc0ac\uc81c\uc774\uc720\ub80c\ud2b8\uce74"", ""dist"": 1.416368025030775}, {""brn"": ""8923800872"", ""name"": ""\ub4dc\ub9bc\uc720\ud1b5"", ""dist"": 1.417974389514652}, {""brn"": ""7072900951"", ""name"": ""\uc5d0\uc774\uce58\uc5e0"", ""dist"": 1.4183856360695697}, {""brn"": ""2740601179"", ""name"": ""\ubb38\ud654\uc608\uc220ATO & \ube44\uc2a4\ud2b8Ent."", ""dist"": 1.4217867002809321}]",1,56664600
1238631305,(주)비에프코리아,2410,운반·물류 장비 (지게차·엘리베이터),11,서울,True,12.804545560083657,1,False,False,0.41381476404010664,1.4165401694152238,1378602279,주식회사 정문이엔이,1.4143743959144937,"[{""brn"": ""1378602279"", ""name"": ""\uc8fc\uc2dd\ud68c\uc0ac \uc815\ubb38\uc774\uc5d4\uc774"", ""dist"": 1.4143743959144937}, {""brn"": ""2618100604"", ""name"": ""\uc8fc\uc2dd\ud68c\uc0ac \ub354\ub974\uc528\uc5d8"", ""dist"": 1.4174204618739716}, {""brn"": ""2098211809"", ""name"": ""\uc0ac\ub2e8\ubc95\uc778 \ud574\uc624\ub984\uc7a5\uc560\uc778\ud611\ud68c"", ""dist"": 1.4178256504572064}, {""brn"": ""1170822628"", ""name"": ""\ub450\ud604"", ""dist"": 1.4246357910000975}, {""brn"": ""1048212861"", ""name"": ""\uc0ac\ub2e8\ubc95\uc778 \ud55c\uad6d\uc7a5\uc560\uc778\ubb38\ud654\ucf58\ud150\uce20\ud611\ud68c"", ""dist"": 1.4289500847487773}]",1,38358432
5748802152,주식회사 피비케이,1216,실험·분석 시약 (살균제·시약키트),,지역미상,False,4.363751583355389,1,False,False,0.4138068203373397,1.4165865588797917,3800102293,태숙컨설팅,1.4151927152017107,"[{""brn"": ""3800102293"", ""name"": ""\ud0dc\uc219\ucee8\uc124\ud305"", ""dist"": 1.4151927152017107}, {""brn"": ""6428100138"", ""name"": ""\uc8fc\uc2dd\ud68c\uc0ac\uc81c\uc774\uc720\ub80c\ud2b8\uce74"", ""dist"": 1.4158862743595466}, {""brn"": ""8923800872"", ""name"": ""\ub4dc\ub9bc\uc720\ud1b5"", ""dist"": 1.4186806870781172}, {""brn"": ""7072900951"", ""name"": ""\uc5d0\uc774\uce58\uc5e0"", ""dist"": 1.4191277561667706}, {""brn"": ""7738102594"", ""name"": ""\uc8fc\uc2dd\ud68c\uc0ac \uc5d0\uc774\uc544\uc774\uc0ac\uc774\uc5b8\ud2f0\ud53d"", ""dist"": 1.4197467060060391}]",1,56664600
1420540989,무궁화오토,2410,운반·물류 장비 (지게차·엘리베이터),41,경기,False,10.836030844135676,1,False,False,0.4137793327024307,1.4167470943241856,1388600046,주식회사 인프라원,1.4151051966723314,"[{""brn"": ""1388600046"", ""name"": ""\uc8fc\uc2dd\ud68c\uc0ac \uc778\ud504\ub77c\uc6d0"", ""dist"": 1.4151051966723314}, {""brn"": ""1388197681"", ""name"": ""\uc8fc\uc2dd\ud68c\uc0ac \uc81c\ub2c8\uc2a4\ubc14\uc774\uc624\ucf00\ubbf8\uce7c"", ""dist"": 1.4156294742766837}, {""brn"": ""4535600123"", ""name"": ""\uc138\ub9bc\uc0c1\uc0ac"", ""dist"": 1.4195066120235416}, {""brn"": ""4083713817"", ""name"": ""\ud558\uc774\ub4dc\ub9bc"", ""dist"": 1.4195661391090901}, {""brn"": ""1245259752"", ""name"": ""\uc36c\ud14c\ud06c"", ""dist"": 1.421610430109102}]",1,46920000
1371821243,한신콤프렛서,4015,펌프·압축기 (수중펌프·공기압축기),28,인천,False,5.064641384861206,1,False,False,0.41375279982149926,1.416902073971267,6147100487,다은컴퍼니,1.4158037305846698,"[{""brn"": ""6147100487"", ""name"": ""\ub2e4\uc740\ucef4\ud37c\ub2c8"", ""dist"": 1.4158037305846698}, {""brn"": ""3551601540"", ""name"": ""\uc774\uc5d0\uc2a4\uc194\ub8e8\uc158"", ""dist"": 1.4163302564169806}, {""brn"": ""6850301723"", ""name"": ""\ub300\ud638\ucef4\ud37c\ub2c8"", ""dist"": 1.4185722349121508}, {""brn"": ""7394000782"", ""name"": ""\ub354\uc6d0\ucef4\ud37c\ub2c8"", ""dist"": 1.4205960876920136}, {""brn"": ""3062772879"", ""name"": ""\uc720\ubbfc\uc0c1\uc0ac"", ""dist"": 1.4221454164674745}]",1,34270753
8998701962,주식회사 신성호이스트,2410,운반·물류 장비 (지게차·엘리베이터),28,인천,True,1.5574545265449844,1,False,False,0.413719743073405,1.4170951876052316,2363501430,디피에스테크놀로지,1.4152843257906322,"[{""brn"": ""2363501430"", ""name"": ""\ub514\ud53c\uc5d0\uc2a4\ud14c\ud06c\ub180\ub85c\uc9c0"", ""dist"": 1.4152843257906322}, {""brn"": ""8148703047"", ""name"": ""\uc8fc\uc2dd\ud68c\uc0ac \uc544\uc774\uc5d4\ube44"", ""dist"": 1.4160401063970338}, {""brn"": ""1608803078"", ""name"": ""\uc720\uba85\uc774\uc5d4\uc9c0\uc8fc\uc2dd\ud68c\uc0ac"", ""dist"": 1.4199611306280284}, {""brn"": ""5508702203"", ""name"": ""\uc8fc\uc2dd\ud68c\uc0ac \uc6f0\uc2a4\ud14c\ud06c"", ""dist"": 1.4333188528502738}, {""brn"": ""2858702726"", ""name"": ""\uc8fc\uc2dd\ud68c\uc0ac \uc138\uc6d0\uc774\uc5d4\uc774"", ""dist"": 1.4363383797789246}]",1,124640000
1218138312,펌프텍코리아(주),4015,펌프·압축기 (수중펌프·공기압축기),28,인천,True,25.45889189820823,1,False,False,0.4137010904753011,1.4172041675092035,1368115816,주식회사 대영파워펌프,1.4142338140128141,"[{""brn"": ""1368115816"", ""name"": ""\uc8fc\uc2dd\ud68c\uc0ac \ub300\uc601\ud30c\uc6cc\ud38c\ud504"", ""dist"": 1.4142338140128141}, {""brn"": ""1218146073"", ""name"": ""\uc8fc\uc2dd\ud68c\uc0ac \uc601\uc9c4\uc528\uc5d4\uc528"", ""dist"": 1.417631982508757}, {""brn"": ""1378126164"", ""name"": ""\uc8fc\uc2dd\ud68c\uc0ac \ubcf4\uc740\uc815\uacf5"", ""dist"": 1.4197467060060398}, {""brn"": ""1248104733"", ""name"": ""\ud558\uc9c0\uacf5\uc5c5(\uc8fc)"", ""dist"": 1.4292472193025052}, {""brn"": ""6068185295"", ""name"": ""\uc2e0\uc2e0\uc774\uc564\uc9c0(\uc8fc)"", ""dist"": 1.475864889179459}]",2,135279000
2488701179,영인글로벌(주),3912,전기 설비 (배전반·계장제어·UPS),28,인천,True,7.257659865354019,1,False,False,0.4136704492521568,1.4173832136373858,3378100823,주식회사 티앤제이,1.4145017861943936,"[{""brn"": ""3378100823"", ""name"": ""\uc8fc\uc2dd\ud68c\uc0ac \ud2f0\uc564\uc81c\uc774"", ""dist"": 1.4145017861943936}, {""brn"": ""4918801464"", ""name"": ""\uc9c4\uc601\uc0b0\uc5c5\uc8fc\uc2dd\ud68c\uc0ac"", ""dist"": 1.4155386802891112}, {""brn"": ""2168701696"", ""name"": ""\uc8fc\uc2dd\ud68c\uc0ac \ud22c\ube44\ucf64"", ""dist"": 1.4221091744286527}, {""brn"": ""8308601724"", ""name"": ""\uc8fc\uc2dd\ud68c\uc0ac \ubbff\uc74c\uc774\uc5d4\uc9c0"", ""dist"": 1.423981691405777}, {""brn"": ""1638200078"", ""name"": ""\uc0ac\ub2e8\ubc95\uc778 \uc7a5\uc6b0\uc804\uae30"", ""dist"": 1.436158292014729}]",2,489000000
8272601646,화랑엔텍,4015,펌프·압축기 (수중펌프·공기압축기),,지역미상,False,2.0913354300357443,1,False,False,0.41366890180448906,1.4173922565555257,1180824274,별이상사,1.4145087724558818,"[{""brn"": ""1180824274"", ""name"": ""\ubcc4\uc774\uc0c1\uc0ac"", ""dist"": 1.4145087724558818}, {""brn"": ""6731801914"", ""name"": ""\ub514\uc544\uc774\uc528\ucf54\ub9ac\uc544"", ""dist"": 1.4170392943896755}, {""brn"": ""7765000873"", ""name"": ""\uc9c0\uac10\uc131"", ""dist"": 1.42062870282102}, {""brn"": ""6428100138"", ""name"": ""\uc8fc\uc2dd\ud68c\uc0ac\uc81c\uc774\uc720\ub80c\ud2b8\uce74"", ""dist"": 1.430724480359086}, {""brn"": ""3800102293"", ""name"": ""\ud0dc\uc219\ucee8\uc124\ud305"", ""dist"": 1.4540835258307798}]",1,86001449
7918100411,휴먼릭스(주),4111,계측 장비 (계측기·수질분석기·유량계),42,강원,False,5.987297100124724,1,False,False,0.41363016385805124,1.4176186539992717,7342601117,에벤에셀,1.4143495022208739,"[{""brn"": ""7342601117"", ""name"": ""\uc5d0\ubca4\uc5d0\uc140"", ""dist"": 1.4143495022208739}, {""brn"": ""5752600839"", ""name"": ""\uba85\uc131\uc564\ucef4\ud37c\ub2c8"", ""dist"": 1.4185453291489132}, {""brn"": ""6578702144"", ""name"": ""\uc8fc\uc2dd\ud68c\uc0ac \ucf00\uc774\uc640\uc774\uc5d0\uc774\uce58"", ""dist"": 1.4199611306280282}, {""brn"": ""6147100487"", ""name"": ""\ub2e4\uc740\ucef4\ud37c\ub2c8"", ""dist"": 1.4260068300844224}, {""brn"": ""1178600923"", ""name"": ""\uc8fc\uc2dd\ud68c\uc0ac \uccad\uad11"", ""dist"": 1.4303616688041947}]",1,52939140
1388143282,오리온시스템즈 주식회사,3912,전기 설비 (배전반·계장제어·UPS),26,부산,True,18.157043848926914,1,False,False,0.41353039245564366,1.4182019465649376,4088177231,주식회사 세강엔지니어링,1.414215612655599,"[{""brn"": ""4088177231"", ""name"": ""\uc8fc\uc2dd\ud68c\uc0ac \uc138\uac15\uc5d4\uc9c0\ub2c8\uc5b4\ub9c1"", ""dist"": 1.414215612655599}, {""brn"": ""5048167220"", ""name"": ""\ub0a8\ud638\uc804\uae30 \uc8fc\uc2dd\ud68c\uc0ac"", ""dist"": 1.4193300169901473}, {""brn"": ""6020570699"", ""name"": ""\ub514\uc790\uc778\uc608\uac10"", ""dist"": 1.421060210049067}, {""brn"": ""4028212917"", ""name"": ""\uc0ac\ub2e8\ubc95\uc778 \uafc8\ub4dc\ub798\uc7a5\uc560\uc778\ud611\ud68c"", ""dist"": 1.4346276850921105}, {""brn"": ""1378128430"", ""name"": ""(\uc8fc)\ud53c\ub2c9\uc2a4"", ""dist"": 1.4836582371238944}]",1,556154800
2428600781,주식회사 오토레일테크,3912,전기 설비 (배전반·계장제어·UPS),,지역미상,False,7.479425779111719,1,False,False,0.41347839752510657,1.4185060355886663,7771301002,네이처원,1.4167025090516943,"[{""brn"": ""7771301002"", ""name"": ""\ub124\uc774\ucc98\uc6d0"", ""dist"": 1.4167025090516943}, {""brn"": ""1498701775"", ""name"": ""\ub3d9\uc0b0 \uc8fc\uc2dd\ud68c\uc0ac"", ""dist"": 1.419099192997994}, {""brn"": ""3431301212"", ""name"": ""\uc5e0\uc81c\uc774\ub7a9"", ""dist"": 1.4197164047163109}, {""brn"": ""6460400629"", ""name"": ""\ud55c\uc601\uae30\uc5c5"", ""dist"": 1.4239415066683563}, {""brn"": ""5428601040"", ""name"": ""\uc8fc\uc2dd\ud68c\uc0ac \ud55c\uc9c4\uac00\uc2a4\ud14d"", ""dist"": 1.4244291323095732}]",1,48833000
1398135223,주식회사 모닝아트,3912,전기 설비 (배전반·계장제어·UPS),28,인천,True,3.4219309125819453,1,False,False,0.4134482112960954,1.418682612908535,2858702726,주식회사 세원이엔이,1.4143140227204618,"[{""brn"": ""2858702726"", ""name"": ""\uc8fc\uc2dd\ud68c\uc0ac \uc138\uc6d0\uc774\uc5d4\uc774"", ""dist"": 1.4143140227204618}, {""brn"": ""1608803078"", ""name"": ""\uc720\uba85\uc774\uc5d4\uc9c0\uc8fc\uc2dd\ud68c\uc0ac"", ""dist"": 1.4182289291444503}, {""brn"": ""8148703047"", ""name"": ""\uc8fc\uc2dd\ud68c\uc0ac \uc544\uc774\uc5d4\ube44"", ""dist"": 1.4235048868606925}, {""brn"": ""5318801914"", ""name"": ""(\uc8fc)\uc774\uc5d4\uc5d0\uc774\uce58\uc2dc\uc2a4\ud15c"", ""dist"": 1.4257433860498034}, {""brn"": ""8308601724"", ""name"": ""\uc8fc\uc2dd\ud68c\uc0ac \ubbff\uc74c\uc774\uc5d4\uc9c0"", ""dist"": 1.4489713565747384}]",1,65000000
5138184408,현대지게차구미판매(주),2410,운반·물류 장비 (지게차·엘리베이터),,지역미상,False,11.638221124765382,1,False,False,0.41344390810265985,1.4187077869622302,5031875121,에이스컴퍼니,1.4142591281546553,"[{""brn"": ""5031875121"", ""name"": ""\uc5d0\uc774\uc2a4\ucef4\ud37c\ub2c8"", ""dist"": 1.4142591281546553}, {""brn"": ""5038180633"", ""name"": ""\ud074\ub77c\ud06c\uc9c0\uac8c\ucc28 \uc8fc\uc2dd\ud68c\uc0ac"", ""dist"": 1.4191277561667708}, {""brn"": ""1946200133"", ""name"": ""\ud574\ubc00\ud14c\ud06c"", ""dist"": 1.4227364765652653}, {""brn"": ""6168628355"", ""name"": ""\uc8fc\uc2dd\ud68c\uc0ac \ubcf5\uc740"", ""dist"": 1.4489713565747382}, {""brn"": ""5085100170"", ""name"": ""\ub300\uc131"", ""dist"": 1.4556175375352067}]",1,62144790
8148100539,주식회사 성광기전,3912,전기 설비 (배전반·계장제어·UPS),26,부산,True,9.009884369118565,1,False,False,0.413346410261843,1.4192782982354413,1638200078,사단법인 장우전기,1.4145302330313643,"[{""brn"": ""1638200078"", ""name"": ""\uc0ac\ub2e8\ubc95\uc778 \uc7a5\uc6b0\uc804\uae30"", ""dist"": 1.4145302330313643}, {""brn"": ""4608800350"", ""name"": ""\uc8fc\uc2dd\ud68c\uc0ac \uc5d0\uc2a4\uc5e0\ud14c\ud06c"", ""dist"": 1.4189576196092393}, {""brn"": ""1138630217"", ""name"": ""\uc8fc\uc2dd\ud68c\uc0ac \uc2a4\ub9c8\ud2b8\ud30c\uc6cc"", ""dist"": 1.424347042065721}, {""brn"": ""3378100823"", ""name"": ""\uc8fc\uc2dd\ud68c\uc0ac \ud2f0\uc564\uc81c\uc774"", ""dist"": 1.4271361247850736}, {""brn"": ""5518600119"", ""name"": ""\uc2e0\uc815\ubcf4\uac1c\ubc1c\uc8fc\uc2dd\ud68c\uc0ac"", ""dist"": 1.4311439712235896}]",4,890517800
6068117346,(주)호생환경,3010,건자재 (골재·목재),26,부산,True,22.45273173393718,1,False,False,0.4132776734287903,1.419680675472794,6068185295,신신이앤지(주),1.4149096925907199,"[{""brn"": ""6068185295"", ""name"": ""\uc2e0\uc2e0\uc774\uc564\uc9c0(\uc8fc)"", ""dist"": 1.4149096925907199}, {""brn"": ""4158116270"", ""name"": ""\uc8fc\uc2dd\ud68c\uc0ac \uae08\ud638\ud658\uacbd"", ""dist"": 1.4176799010936163}, {""brn"": ""3108118099"", ""name"": ""\uc8fc\uc2dd\ud68c\uc0ac \ubcf4\ubbfc\ud658\uacbd"", ""dist"": 1.4264524327340462}, {""brn"": ""2238106187"", ""name"": ""(\ud569)\ud64d\ucc9c\ud658\uacbd\uc0b0\uc5c5"", ""dist"": 1.4287536173853965}, {""brn"": ""1248169416"", ""name"": ""\uc720\ub9bc\ud574\uc77c\uc8fc\uc2dd\ud68c\uc0ac"", ""dist"": 1.445822816062668}]",5,709026280
1262785609,정진호광기술연구소,4111,계측 장비 (계측기·수질분석기·유량계),41,경기,False,0.8647782774005628,1,False,False,0.4131722350151463,1.4202981595879531,1203201814,제이엠글로벌,1.4165028390702064,"[{""brn"": ""1203201814"", ""name"": ""\uc81c\uc774\uc5e0\uae00\ub85c\ubc8c"", ""dist"": 1.4165028390702064}, {""brn"": ""3526600630"", ""name"": ""\ud55c\uc194\uc720\ud1b5"", ""dist"": 1.420925953336755}, {""brn"": ""2548601895"", ""name"": ""\uc8fc\uc2dd\ud68c\uc0ac \ud480\ucf54\uc2a4"", ""dist"": 1.4234656863568973}, {""brn"": ""2473400512"", ""name"": ""\ube0c\ub9bf\uc9c0"", ""dist"": 1.4238214443734836}, {""brn"": ""7445400855"", ""name"": ""\uace0\uc2a4\ud14c\uc774\uc158"", ""dist"": 1.4251401200462055}]",1,46349801
7338800845,주식회사 진흥기술,3912,전기 설비 (배전반·계장제어·UPS),31,울산,True,8.629323109707203,1,False,False,0.4131367991709199,1.4205057550109146,1638200078,사단법인 장우전기,1.4163490990703302,"[{""brn"": ""1638200078"", ""name"": ""\uc0ac\ub2e8\ubc95\uc778 \uc7a5\uc6b0\uc804\uae30"", ""dist"": 1.4163490990703302}, {""brn"": ""3378100823"", ""name"": ""\uc8fc\uc2dd\ud68c\uc0ac \ud2f0\uc564\uc81c\uc774"", ""dist"": 1.4215056565837805}, {""brn"": ""4608800350"", ""name"": ""\uc8fc\uc2dd\ud68c\uc0ac \uc5d0\uc2a4\uc5e0\ud14c\ud06c"", ""dist"": 1.4236625093786326}, {""brn"": ""1138630217"", ""name"": ""\uc8fc\uc2dd\ud68c\uc0ac \uc2a4\ub9c8\ud2b8\ud30c\uc6cc"", ""dist"": 1.4308288683255987}, {""brn"": ""4918801464"", ""name"": ""\uc9c4\uc601\uc0b0\uc5c5\uc8fc\uc2dd\ud68c\uc0ac"", ""dist"": 1.4333748752212914}]",4,890517800
1098610610,주식회사 본우드,3010,건자재 (골재·목재),11,서울,True,17.866831665490913,1,False,False,0.4128969137169246,1.4219120239914986,2011158950,아이디어 스푼,1.4155386802891112,"[{""brn"": ""2011158950"", ""name"": ""\uc544\uc774\ub514\uc5b4 \uc2a4\ud47c"", ""dist"": 1.4155386802891112}, {""brn"": ""2010989673"", ""name"": ""\uc0ac\ud68c\ubb38\ud654\uc0ac"", ""dist"": 1.4187354105623105}, {""brn"": ""4188119844"", ""name"": ""\uc8fc\uc2dd\ud68c\uc0ac \uc81c\uc77c\ud658\uacbd"", ""dist"": 1.431461981123074}, {""brn"": ""1248169416"", ""name"": ""\uc720\ub9bc\ud574\uc77c\uc8fc\uc2dd\ud68c\uc0ac"", ""dist"": 1.4408096844279707}, {""brn"": ""2033763347"", ""name"": ""\ud050\ub77c\uc778"", ""dist"": 1.4463976548133646}]",1,19600000
5034168782,현대지게차구미판매,2410,운반·물류 장비 (지게차·엘리베이터),,지역미상,False,12.325421672335539,1,False,False,0.41283103222683515,1.4222985239407528,5038180633,클라크지게차 주식회사,1.4145676732168802,"[{""brn"": ""5038180633"", ""name"": ""\ud074\ub77c\ud06c\uc9c0\uac8c\ucc28 \uc8fc\uc2dd\ud68c\uc0ac"", ""dist"": 1.4145676732168802}, {""brn"": ""5031875121"", ""name"": ""\uc5d0\uc774\uc2a4\ucef4\ud37c\ub2c8"", ""dist"": 1.4175843962484191}, {""brn"": ""1946200133"", ""name"": ""\ud574\ubc00\ud14c\ud06c"", ""dist"": 1.4347435023569592}, {""brn"": ""6168628355"", ""name"": ""\uc8fc\uc2dd\ud68c\uc0ac \ubcf5\uc740"", ""dist"": 1.4701883993347313}, {""brn"": ""5085100170"", ""name"": ""\ub300\uc131"", ""dist"": 1.4784479312736525}]",1,71200000
5498701204,비스테크 주식회사,3010,건자재 (골재·목재),26,부산,False,2.923642069323903,1,False,False,0.4127722253238407,1.4226436243752818,6122552599,안가,1.4148776984417948,"[{""brn"": ""6122552599"", ""name"": ""\uc548\uac00"", ""dist"": 1.4148776984417948}, {""brn"": ""6706200447"", ""name"": ""\uc5d0\uc2a4\uc5d4\ucef4\ud37c\ub2c8"", ""dist"": 1.4201796062229455}, {""brn"": ""2201169007"", ""name"": ""\ub300\uacbd\uc2dc\uc2a4\ud15c"", ""dist"": 1.4328735684611045}, {""brn"": ""6578702144"", ""name"": ""\uc8fc\uc2dd\ud68c\uc0ac \ucf00\uc774\uc640\uc774\uc5d0\uc774\uce58"", ""dist"": 1.4374339936138893}, {""brn"": ""8800301895"", ""name"": ""\ubca0\uc5b4\uc601\ucef4\ud37c\ub2c8"", ""dist"": 1.46012832532477}]",1,56765920
1372147715,소울미디어,4111,계측 장비 (계측기·수질분석기·유량계),41,경기,False,0.5581389892417674,1,False,False,0.4127465224505377,1.4227944891282203,1203201814,제이엠글로벌,1.414836209526863,"[{""brn"": ""1203201814"", ""name"": ""\uc81c\uc774\uc5e0\uae00\ub85c\ubc8c"", ""dist"": 1.414836209526863}, {""brn"": ""3526600630"", ""name"": ""\ud55c\uc194\uc720\ud1b5"", ""dist"": 1.4251826791773063}, {""brn"": ""2548601895"", ""name"": ""\uc8fc\uc2dd\ud68c\uc0ac \ud480\ucf54\uc2a4"", ""dist"": 1.428364578680491}, {""brn"": ""2473400512"", ""name"": ""\ube0c\ub9bf\uc9c0"", ""dist"": 1.428802612513055}, {""brn"": ""7445400855"", ""name"": ""\uace0\uc2a4\ud14c\uc774\uc158"", ""dist"": 1.4304132564485244}]",1,46349801
7610701383,유민테크(U-Min Tech),4111,계측 장비 (계측기·수질분석기·유량계),26,부산,True,5.472581152143889,1,False,False,0.41272099878951535,1.4229443205771861,3118152810,다린스틸테크주식회사,1.417825650457207,"[{""brn"": ""3118152810"", ""name"": ""\ub2e4\ub9b0\uc2a4\ud2f8\ud14c\ud06c\uc8fc\uc2dd\ud68c\uc0ac"", ""dist"": 1.417825650457207}, {""brn"": ""2145700618"", ""name"": ""\uc120\uc6b0\uc2dc\uc2a4\ud15c"", ""dist"": 1.4216104301091022}, {""brn"": ""2628802318"", ""name"": ""\uc8fc\uc2dd\ud68c\uc0ac \ub514\uc790\uc778\uc81c\ub85c"", ""dist"": 1.429396881165249}, {""brn"": ""8338700207"", ""name"": ""\ucf00\uc774\uc564\uc81c\uc774\uc5d4\uc9c0\ub2c8\uc5b4\ub9c1\uc8fc\uc2dd\ud68c\uc0ac"", ""dist"": 1.544533110062003}, {""brn"": ""6068659002"", ""name"": ""(\uc8fc)\uc528\uc564\uc528\uc194\ub8e8\uc158"", ""dist"": 1.6036726531503516}]",1,163702162
5048138778,주식회사 케이와이,4015,펌프·압축기 (수중펌프·공기압축기),27,대구,True,22.044791966654497,1,False,False,0.4124110512718166,1.4247652843349938,6068185295,신신이앤지(주),1.4142302992862221,"[{""brn"": ""6068185295"", ""name"": ""\uc2e0\uc2e0\uc774\uc564\uc9c0(\uc8fc)"", ""dist"": 1.4142302992862221}, {""brn"": ""4108164194"", ""name"": ""\uc5d0\uc2a4\uc5e0\ucf54\ub9ac\uc544(\uc8fc)"", ""dist"": 1.4242652794683006}, {""brn"": ""5038154421"", ""name"": ""\uc8fc\uc2dd\ud68c\uc0ac \uc544\uc774\uc5d4\ud14d"", ""dist"": 1.4358002742504594}, {""brn"": ""5048167220"", ""name"": ""\ub0a8\ud638\uc804\uae30 \uc8fc\uc2dd\ud68c\uc0ac"", ""dist"": 1.4613340660499936}, {""brn"": ""1368115816"", ""name"": ""\uc8fc\uc2dd\ud68c\uc0ac \ub300\uc601\ud30c\uc6cc\ud38c\ud504"", ""dist"": 1.4800621223772985}]",5,709026280
3148124351,주식회사 좋은소리,3912,전기 설비 (배전반·계장제어·UPS),30,대전,True,21.705298469050117,1,False,False,0.41237401235560844,1.4249830737094449,1378128430,(주)피닉스,1.4142162402925065,"[{""brn"": ""1378128430"", ""name"": ""(\uc8fc)\ud53c\ub2c9\uc2a4"", ""dist"": 1.4142162402925065}, {""brn"": ""4028212917"", ""name"": ""\uc0ac\ub2e8\ubc95\uc778 \uafc8\ub4dc\ub798\uc7a5\uc560\uc778\ud611\ud68c"", ""dist"": 1.4289500847487775}, {""brn"": ""3058144260"", ""name"": ""\uc6b0\uadfc\uac74\uc124 \uc8fc\uc2dd\ud68c\uc0ac"", ""dist"": 1.4317828960870507}, {""brn"": ""4108212427"", ""name"": ""(\uc0ac)\ud55c\uc62c\uc7a5\uc560\uc778\uc790\ub9bd\ubcf5\uc9c0\ud68c"", ""dist"": 1.4504084560920274}, {""brn"": ""5048167220"", ""name"": ""\ub0a8\ud638\uc804\uae30 \uc8fc\uc2dd\ud68c\uc0ac"", ""dist"": 1.4511760779369618}]",1,329000000
8098703410,주식회사 진아엔텍,2410,운반·물류 장비 (지게차·엘리베이터),11,서울,True,1.2206988797277358,1,False,False,0.41218587048427396,1.4260899550610695,2363501430,디피에스테크놀로지,1.4175607277504139,"[{""brn"": ""2363501430"", ""name"": ""\ub514\ud53c\uc5d0\uc2a4\ud14c\ud06c\ub180\ub85c\uc9c0"", ""dist"": 1.4175607277504139}, {""brn"": ""3178603006"", ""name"": ""(\uc8fc)\uc815\ud589\uc0ac"", ""dist"": 1.4198994530048235}, {""brn"": ""5508702203"", ""name"": ""\uc8fc\uc2dd\ud68c\uc0ac \uc6f0\uc2a4\ud14c\ud06c"", ""dist"": 1.4408096844279714}, {""brn"": ""1218216576"", ""name"": ""\uc0ac\ub2e8\ubc95\uc778 \ud55c\uad6d\uc7a5\uc560\uc778\uadfc\ub85c\ubcf5\uc9c0\ud611\ud68c"", ""dist"": 1.4741057709609107}, {""brn"": ""3448802115"", ""name"": ""\uc8fc\uc2dd\ud68c\uc0ac \uc624\ub3c4\ud14c\ud06c"", ""dist"": 1.4921005213838279}]",1,124640000
4091984081,영수과학,4111,계측 장비 (계측기·수질분석기·유량계),29,광주,False,17.215223178153472,1,False,False,0.4121149977317596,1.4265071776176592,4098615290,(주)서린사이언스,1.4245115501432144,"[{""brn"": ""4098615290"", ""name"": ""(\uc8fc)\uc11c\ub9b0\uc0ac\uc774\uc5b8\uc2a4"", ""dist"": 1.4245115501432144}, {""brn"": ""4102066401"", ""name"": ""\uc528\uc5d0\uc2a4\ud14d"", ""dist"": 1.4248025915077556}, {""brn"": ""1371789964"", ""name"": ""\uc5d0\uc2a4\ud53c\ud2f0"", ""dist"": 1.4302073912020077}, {""brn"": ""4108686024"", ""name"": ""\uc8fc\uc2dd\ud68c\uc0ac \uc2e0\ud654\uc774\uc5d4\uc528"", ""dist"": 1.5511041738575928}, {""brn"": ""8811900022"", ""name"": ""\ud3ec\ub099\uc5d0\uc774\uce58\uc5d0\uc774(HA)"", ""dist"": 1.6069282878277762}]",4,489282300
3148613145,주식회사 세진,3912,전기 설비 (배전반·계장제어·UPS),30,대전,True,14.729254663437525,1,False,False,0.4120077843563884,1.4271386074953278,1288213643,홍애원,1.4170828902109054,"[{""brn"": ""1288213643"", ""name"": ""\ud64d\uc560\uc6d0"", ""dist"": 1.4170828902109054}, {""brn"": ""5108122946"", ""name"": ""\uc8fc\uc2dd\ud68c\uc0ac \uc5d0\uc2a4\uc5d0\uc774\uce58"", ""dist"": 1.418438535350522}, {""brn"": ""1308217735"", ""name"": ""\uc0ac\ub2e8\ubc95\uc778 \ud55c\uad6d\uc7a5\uc560\uc778\ud611\ud68c"", ""dist"": 1.4458943969245557}, {""brn"": ""2208876247"", ""name"": ""\uc8fc\uc2dd\ud68c\uc0ac  \uc131\uc6d0\uc804\uae30"", ""dist"": 1.4602996624243378}, {""brn"": ""1408180747"", ""name"": ""\uc720\ube44\uc2a4 \uc8fc\uc2dd\ud68c\uc0ac"", ""dist"": 1.4698129045163308}]",3,1136720000
1088195251,주식회사 티에너지,3912,전기 설비 (배전반·계장제어·UPS),41,경기,False,14.953758427982356,1,False,False,0.41197987586805584,1.427303027588339,1258192109,(주)대한환경,1.4145832346560856,"[{""brn"": ""1258192109"", ""name"": ""(\uc8fc)\ub300\ud55c\ud658\uacbd"", ""dist"": 1.4145832346560856}, {""brn"": ""1388149821"", ""name"": ""(\uc8fc)\ud558\uc774\ub4dc\ub85c\ucf54\ub9ac\uc544"", ""dist"": 1.4319984523573184}, {""brn"": ""2148897121"", ""name"": ""\uc8fc\uc2dd\ud68c\uc0ac \uc5b4\ud53c\ub2c8\ud2f0"", ""dist"": 1.435327395751613}, {""brn"": ""2171150502"", ""name"": ""\uc9c4\ub808\ub4dc"", ""dist"": 1.4378670422087774}, {""brn"": ""1401086324"", ""name"": ""\uc720\ub2c8\uc194\ud2b8"", ""dist"": 1.4471962310789723}]",1,43586000
1190566524,뉴화성산업,4710,수처리 약품 (응집제·여과재),41,경기,False,0.16662632668187694,1,False,False,0.4119500021182853,1.427479050510758,1203201814,제이엠글로벌,1.414232014808626,"[{""brn"": ""1203201814"", ""name"": ""\uc81c\uc774\uc5e0\uae00\ub85c\ubc8c"", ""dist"": 1.414232014808626}, {""brn"": ""3526600630"", ""name"": ""\ud55c\uc194\uc720\ud1b5"", ""dist"": 1.4321067141625654}, {""brn"": ""2548601895"", ""name"": ""\uc8fc\uc2dd\ud68c\uc0ac \ud480\ucf54\uc2a4"", ""dist"": 1.4360984225610827}, {""brn"": ""2473400512"", ""name"": ""\ube0c\ub9bf\uc9c0"", ""dist"": 1.4366401234616832}, {""brn"": ""7445400855"", ""name"": ""\uace0\uc2a4\ud14c\uc774\uc158"", ""dist"": 1.4386184862397606}]",1,46349801
5628103483,주식회사 본일렉트릭,3912,전기 설비 (배전반·계장제어·UPS),27,대구,False,1.6970849166887216,1,False,False,0.4119007191411404,1.427769492816408,8790402950,월드유통,1.4155988758485751,"[{""brn"": ""8790402950"", ""name"": ""\uc6d4\ub4dc\uc720\ud1b5"", ""dist"": 1.4155988758485751}, {""brn"": ""6044071787"", ""name"": ""\uc5d0\uc774\uce58\uc5e0"", ""dist"": 1.4336561924918507}, {""brn"": ""5941601752"", ""name"": ""\uc5f0\ubaa8"", ""dist"": 1.4340534101087983}, {""brn"": ""4141801071"", ""name"": ""\uc544\ud06c\uc5d4\uc824"", ""dist"": 1.525807590576993}, {""brn"": ""5048130363"", ""name"": ""\uc8fc\uc2dd\ud68c\uc0ac \ud480\ub9ac\ub9e8"", ""dist"": 1.5793836326907442}]",1,75721180
5596200567,득이와 꽃지 상회,1216,실험·분석 시약 (살균제·시약키트),27,대구,False,0.5006441227119933,1,False,False,0.4118323316793045,1.428172639875939,5156016686,체리몬,1.4245115501432142,"[{""brn"": ""5156016686"", ""name"": ""\uccb4\ub9ac\ubaac"", ""dist"": 1.4245115501432142}, {""brn"": ""2473400512"", ""name"": ""\ube0c\ub9bf\uc9c0"", ""dist"": 1.429850242343972}, {""brn"": ""8790402950"", ""name"": ""\uc6d4\ub4dc\uc720\ud1b5"", ""dist"": 1.4301561271406305}, {""brn"": ""2893001481"", ""name"": ""\uc11c\uc628\uc0c1\uc0ac"", ""dist"": 1.4426829084978685}, {""brn"": ""7738102594"", ""name"": ""\uc8fc\uc2dd\ud68c\uc0ac \uc5d0\uc774\uc544\uc774\uc0ac\uc774\uc5b8\ud2f0\ud53d"", ""dist"": 1.459361073705831}]",1,179721862
6118115258,(주)성지이테크,3010,건자재 (골재·목재),27,대구,True,18.118713937907064,1,False,False,0.4114357020080041,1.430513431672359,5048167220,남호전기 주식회사,1.4197467060060394,"[{""brn"": ""5048167220"", ""name"": ""\ub0a8\ud638\uc804\uae30 \uc8fc\uc2dd\ud68c\uc0ac"", ""dist"": 1.4197467060060394}, {""brn"": ""1248169416"", ""name"": ""\uc720\ub9bc\ud574\uc77c\uc8fc\uc2dd\ud68c\uc0ac"", ""dist"": 1.4350928772919607}, {""brn"": ""4188119844"", ""name"": ""\uc8fc\uc2dd\ud68c\uc0ac \uc81c\uc77c\ud658\uacbd"", ""dist"": 1.4367007117190764}, {""brn"": ""3108118099"", ""name"": ""\uc8fc\uc2dd\ud68c\uc0ac \ubcf4\ubbfc\ud658\uacbd"", ""dist"": 1.4588529990504768}, {""brn"": ""4158116270"", ""name"": ""\uc8fc\uc2dd\ud68c\uc0ac \uae08\ud638\ud658\uacbd"", ""dist"": 1.482725016211522}]",1,33660000
6884600282,케이펌프,4015,펌프·압축기 (수중펌프·공기압축기),26,부산,False,8.549925436880372,1,False,False,0.4114343830839897,1.4305212231031774,4544300562,시소커뮤니케이션,1.4258747406484062,"[{""brn"": ""4544300562"", ""name"": ""\uc2dc\uc18c\ucee4\ubba4\ub2c8\ucf00\uc774\uc158"", ""dist"": 1.4258747406484062}, {""brn"": ""6212246182"", ""name"": ""\uc608\ub2f4\uc0b0\uc5c5"", ""dist"": 1.429048805199443}, {""brn"": ""5978100217"", ""name"": ""\uc8fc\uc2dd\ud68c\uc0ac \uc6b0\uc601\ubb3c\uc0b0"", ""dist"": 1.4366401234616835}, {""brn"": ""8800301895"", ""name"": ""\ubca0\uc5b4\uc601\ucef4\ud37c\ub2c8"", ""dist"": 1.4553734810166263}, {""brn"": ""6578702144"", ""name"": ""\uc8fc\uc2dd\ud68c\uc0ac \ucf00\uc774\uc640\uc774\uc5d0\uc774\uce58"", ""dist"": 1.483970615868798}]",2,80448400
5038179738,주식회사길웅스틸테크,3010,건자재 (골재·목재),27,대구,True,18.083121877674348,1,False,False,0.41141387232632726,1.4306423950790241,5048167220,남호전기 주식회사,1.4201481474754047,"[{""brn"": ""5048167220"", ""name"": ""\ub0a8\ud638\uc804\uae30 \uc8fc\uc2dd\ud68c\uc0ac"", ""dist"": 1.4201481474754047}, {""brn"": ""1248169416"", ""name"": ""\uc720\ub9bc\ud574\uc77c\uc8fc\uc2dd\ud68c\uc0ac"", ""dist"": 1.4358597440183527}, {""brn"": ""4188119844"", ""name"": ""\uc8fc\uc2dd\ud68c\uc0ac \uc81c\uc77c\ud658\uacbd"", ""dist"": 1.4359192937433147}, {""brn"": ""3108118099"", ""name"": ""\uc8fc\uc2dd\ud68c\uc0ac \ubcf4\ubbfc\ud658\uacbd"", ""dist"": 1.4599572923696031}, {""brn"": ""4158116270"", ""name"": ""\uc8fc\uc2dd\ud68c\uc0ac \uae08\ud638\ud658\uacbd"", ""dist"": 1.4840748869969544}]",1,33660000
6638602967,체크가드 주식회사,4111,계측 장비 (계측기·수질분석기·유량계),11,서울,True,2.3131013437934445,1,False,False,0.41139986592108496,1.4307251480529668,3178603006,(주)정행사,1.414251220149092,"[{""brn"": ""3178603006"", ""name"": ""(\uc8fc)\uc815\ud589\uc0ac"", ""dist"": 1.414251220149092}, {""brn"": ""2145700618"", ""name"": ""\uc120\uc6b0\uc2dc\uc2a4\ud15c"", ""dist"": 1.436519186437512}, {""brn"": ""1218216576"", ""name"": ""\uc0ac\ub2e8\ubc95\uc778 \ud55c\uad6d\uc7a5\uc560\uc778\uadfc\ub85c\ubcf5\uc9c0\ud611\ud68c"", ""dist"": 1.4414050375722962}, {""brn"": ""3448802115"", ""name"": ""\uc8fc\uc2dd\ud68c\uc0ac \uc624\ub3c4\ud14c\ud06c"", ""dist"": 1.454163571159165}, {""brn"": ""2168701696"", ""name"": ""\uc8fc\uc2dd\ud68c\uc0ac \ud22c\ube44\ucf64"", ""dist"": 1.4907893154633851}]",4,193423300
4198102045,주식회사 오송레이저,3010,건자재 (골재·목재),41,경기,True,2.170733102862575,1,False,False,0.41136829574082184,1.43091169240237,5508702203,주식회사 웰스테크,1.4228118390420814,"[{""brn"": ""5508702203"", ""name"": ""\uc8fc\uc2dd\ud68c\uc0ac \uc6f0\uc2a4\ud14c\ud06c"", ""dist"": 1.4228118390420814}, {""brn"": ""5503201432"", ""name"": ""\uc9c0\uc628\ud14c\ud06c"", ""dist"": 1.4301561271406311}, {""brn"": ""2145700618"", ""name"": ""\uc120\uc6b0\uc2dc\uc2a4\ud15c"", ""dist"": 1.439767111024397}, {""brn"": ""6758601428"", ""name"": ""\uc5d4\uc5d0\uc2a4\ud38c\ud504 \uc8fc\uc2dd\ud68c\uc0ac"", ""dist"": 1.4527345447988047}, {""brn"": ""3978602264"", ""name"": ""\uc778\ucc9c\ubbf8\ub798\uc0b0\uc5c5(\uc8fc)"", ""dist"": 1.4561077223436691}]",2,128308500
4130440813,다원테크,4710,수처리 약품 (응집제·여과재),28,인천,False,0.15841277432048065,1,False,False,0.41127049081758915,1.4314897915774125,3883501352,루아프라임,1.422963550067742,"[{""brn"": ""3883501352"", ""name"": ""\ub8e8\uc544\ud504\ub77c\uc784"", ""dist"": 1.422963550067742}, {""brn"": ""4137400527"", ""name"": ""\ub530\uc634\ucef4\ud37c\ub2c8"", ""dist"": 1.4292970255293957}, {""brn"": ""8393701140"", ""name"": ""\ubcf4\uc131\uae30\ud504\ud2b8"", ""dist"": 1.4422087991350998}, {""brn"": ""8515300966"", ""name"": ""\ub3d9\ud654\uc0c1\uc0ac"", ""dist"": 1.4666694450125433}, {""brn"": ""5941601752"", ""name"": ""\uc5f0\ubaa8"", ""dist"": 1.478447931273653}]",1,51860968
3100720519,G.N.A,4015,펌프·압축기 (수중펌프·공기압축기),,지역미상,False,0.9250109947174691,1,False,False,0.4112513945557416,1.4316026966431563,1180824274,별이상사,1.4190991929979941,"[{""brn"": ""1180824274"", ""name"": ""\ubcc4\uc774\uc0c1\uc0ac"", ""dist"": 1.4190991929979941}, {""brn"": ""6731801914"", ""name"": ""\ub514\uc544\uc774\uc528\ucf54\ub9ac\uc544"", ""dist"": 1.4337692817506362}, {""brn"": ""7765000873"", ""name"": ""\uc9c0\uac10\uc131"", ""dist"": 1.4419396151808386}, {""brn"": ""6428100138"", ""name"": ""\uc8fc\uc2dd\ud68c\uc0ac\uc81c\uc774\uc720\ub80c\ud2b8\uce74"", ""dist"": 1.4601283253247703}, {""brn"": ""3800102293"", ""name"": ""\ud0dc\uc219\ucee8\uc124\ud305"", ""dist"": 1.494976629820635}]",1,86001449
2198126578,주식회사 한양테크엘리베이터,2410,운반·물류 장비 (지게차·엘리베이터),11,서울,True,21.987297100124724,1,False,False,0.411250283601509,1.4316092653907433,2033763347,큐라인,1.4303616688041951,"[{""brn"": ""2033763347"", ""name"": ""\ud050\ub77c\uc778"", ""dist"": 1.4303616688041951}, {""brn"": ""1178140497"", ""name"": ""\uc8fc\uc2dd\ud68c\uc0ac\ub3d9\uc77c\uadf8\ub9b0\uc2dc\uc2a4"", ""dist"": 1.4310912521467438}, {""brn"": ""1138205103"", ""name"": ""\uc0ac\ub2e8\ubc95\uc778 \ud55c\uad6d\uc7a5\uc560\uc778\ubb38\ud654\uc778\uc1c4\ud611\ud68c"", ""dist"": 1.4333748752212914}, {""brn"": ""1178129380"", ""name"": ""(\uc8fc)\uc6a9\uc9c4\uae30\uc804"", ""dist"": 1.4469774997787503}, {""brn"": ""2011158950"", ""name"": ""\uc544\uc774\ub514\uc5b4 \uc2a4\ud47c"", ""dist"": 1.4860697797446587}]",2,44870000
5478601633,주식회사민국건설,3010,건자재 (골재·목재),42,강원,False,6.526653705189748,1,False,False,0.4109138887654659,1.433599903386965,5752600839,명성앤컴퍼니,1.4148672008575238,"[{""brn"": ""5752600839"", ""name"": ""\uba85\uc131\uc564\ucef4\ud37c\ub2c8"", ""dist"": 1.4148672008575238}, {""brn"": ""1178600923"", ""name"": ""\uc8fc\uc2dd\ud68c\uc0ac \uccad\uad11"", ""dist"": 1.4217867002809312}, {""brn"": ""6967700254"", ""name"": ""\uc138\ub80c\ub514\ud53c\ud2f0"", ""dist"": 1.4641458090224397}, {""brn"": ""8882800122"", ""name"": ""\uac15\uc6d0\uc0b0\uc5c5"", ""dist"": 1.5043598001883762}, {""brn"": ""1228622593"", ""name"": ""\uc8fc\uc2dd\ud68c\uc0ac\uc5f0\uc77c\uadf8\ub9b0\uc774\uc5d4\uc528"", ""dist"": 1.5821502974422328}]",1,68270790
4161576941,에코티에스,1216,실험·분석 시약 (살균제·시약키트),,지역미상,False,12.103655758577839,1,False,False,0.4104492090968803,1.4363550418340922,5031875121,에이스컴퍼니,1.415936801313632,"[{""brn"": ""5031875121"", ""name"": ""\uc5d0\uc774\uc2a4\ucef4\ud37c\ub2c8"", ""dist"": 1.415936801313632}, {""brn"": ""1946200133"", ""name"": ""\ud574\ubc00\ud14c\ud06c"", ""dist"": 1.4303101620425094}, {""brn"": ""6168628355"", ""name"": ""\uc8fc\uc2dd\ud68c\uc0ac \ubcf5\uc740"", ""dist"": 1.462818162146135}, {""brn"": ""5085100170"", ""name"": ""\ub300\uc131"", ""dist"": 1.4705650859270536}, {""brn"": ""6460400629"", ""name"": ""\ud55c\uc601\uae30\uc5c5"", ""dist"": 1.4738149099361306}]",1,62144790
3148616744,(주)엔텍코아,3912,전기 설비 (배전반·계장제어·UPS),30,대전,True,15.53144494406723,1,False,False,0.4104232522978941,1.4365091266178514,1288213643,홍애원,1.4270439066461194,"[{""brn"": ""1288213643"", ""name"": ""\ud64d\uc560\uc6d0"", ""dist"": 1.4270439066461194}, {""brn"": ""5108122946"", ""name"": ""\uc8fc\uc2dd\ud68c\uc0ac \uc5d0\uc2a4\uc5d0\uc774\uce58"", ""dist"": 1.4297489284086307}, {""brn"": ""4088177231"", ""name"": ""\uc8fc\uc2dd\ud68c\uc0ac \uc138\uac15\uc5d4\uc9c0\ub2c8\uc5b4\ub9c1"", ""dist"": 1.4527345447988043}, {""brn"": ""1308217735"", ""name"": ""\uc0ac\ub2e8\ubc95\uc778 \ud55c\uad6d\uc7a5\uc560\uc778\ud611\ud68c"", ""dist"": 1.4701883993347316}, {""brn"": ""5048167220"", ""name"": ""\ub0a8\ud638\uc804\uae30 \uc8fc\uc2dd\ud68c\uc0ac"", ""dist"": 1.4841792305396015}]",3,1136720000
1078651497,모바일파킹 유한회사,2410,운반·물류 장비 (지게차·엘리베이터),11,서울,True,21.374018523807134,1,False,False,0.4101897070760545,1.4378963751388987,2033763347,큐라인,1.4208593199853305,"[{""brn"": ""2033763347"", ""name"": ""\ud050\ub77c\uc778"", ""dist"": 1.4208593199853305}, {""brn"": ""1178140497"", ""name"": ""\uc8fc\uc2dd\ud68c\uc0ac\ub3d9\uc77c\uadf8\ub9b0\uc2dc\uc2a4"", ""dist"": 1.444899395787603}, {""brn"": ""1138205103"", ""name"": ""\uc0ac\ub2e8\ubc95\uc778 \ud55c\uad6d\uc7a5\uc560\uc778\ubb38\ud654\uc778\uc1c4\ud611\ud68c"", ""dist"": 1.4479304096437622}, {""brn"": ""2011158950"", ""name"": ""\uc544\uc774\ub514\uc5b4 \uc2a4\ud47c"", ""dist"": 1.4642349226221532}, {""brn"": ""1178129380"", ""name"": ""(\uc8fc)\uc6a9\uc9c4\uae30\uc804"", ""dist"": 1.4652201454615033}]",2,44870000
6290802799,바이오 드림,4710,수처리 약품 (응집제·여과재),27,대구,False,2.250130775689406,1,False,False,0.41018349126233017,1.4379333183852019,8790402950,월드유통,1.4142302992862223,"[{""brn"": ""8790402950"", ""name"": ""\uc6d4\ub4dc\uc720\ud1b5"", ""dist"": 1.4142302992862223}, {""brn"": ""6044071787"", ""name"": ""\uc5d0\uc774\uce58\uc5e0"", ""dist"": 1.4239014039125508}, {""brn"": ""2740601179"", ""name"": ""\ubb38\ud654\uc608\uc220ATO & \ube44\uc2a4\ud2b8Ent."", ""dist"": 1.475668251956833}, {""brn"": ""4141801071"", ""name"": ""\uc544\ud06c\uc5d4\uc824"", ""dist"": 1.5011027823973748}, {""brn"": ""5048130363"", ""name"": ""\uc8fc\uc2dd\ud68c\uc0ac \ud480\ub9ac\ub9e8"", ""dist"": 1.5496942804293852}]",1,75721180
6211246257,대경기계제작소,2410,운반·물류 장비 (지게차·엘리베이터),26,부산,False,15.723094499166477,1,False,False,0.40955545263139115,1.4416718018891128,6071832614,영화상사,1.4221454164674745,"[{""brn"": ""6071832614"", ""name"": ""\uc601\ud654\uc0c1\uc0ac"", ""dist"": 1.4221454164674745}, {""brn"": ""6098178075"", ""name"": ""\ub354\ud39c\uc0c1\uc0ac\uc8fc\uc2dd\ud68c\uc0ac"", ""dist"": 1.434454560443382}, {""brn"": ""5038180633"", ""name"": ""\ud074\ub77c\ud06c\uc9c0\uac8c\ucc28 \uc8fc\uc2dd\ud68c\uc0ac"", ""dist"": 1.4684154287564826}, {""brn"": ""5978100217"", ""name"": ""\uc8fc\uc2dd\ud68c\uc0ac \uc6b0\uc601\ubb3c\uc0b0"", ""dist"": 1.5558017288348793}, {""brn"": ""6212246182"", ""name"": ""\uc608\ub2f4\uc0b0\uc5c5"", ""dist"": 1.5761804670699666}]",1,355450
4148109363,주식회사 다함엘리베이터,2410,운반·물류 장비 (지게차·엘리베이터),26,부산,True,0.9688166073115826,1,False,False,0.4094928798823797,1.442044902678733,2363501430,디피에스테크놀로지,1.4200854779067498,"[{""brn"": ""2363501430"", ""name"": ""\ub514\ud53c\uc5d0\uc2a4\ud14c\ud06c\ub180\ub85c\uc9c0"", ""dist"": 1.4200854779067498}, {""brn"": ""5508702203"", ""name"": ""\uc8fc\uc2dd\ud68c\uc0ac \uc6f0\uc2a4\ud14c\ud06c"", ""dist"": 1.4471962310789726}, {""brn"": ""2628802318"", ""name"": ""\uc8fc\uc2dd\ud68c\uc0ac \ub514\uc790\uc778\uc81c\ub85c"", ""dist"": 1.4588529990504768}, {""brn"": ""7178602089"", ""name"": ""\uc720\ud55c\ud68c\uc0ac \uc528\ucf00\uc774"", ""dist"": 1.5057723715937732}, {""brn"": ""1398701986"", ""name"": ""\uc8fc\uc2dd\ud68c\uc0ac \uc0bc\uc131\uc5d4\ube44\ucf54"", ""dist"": 1.520695279977673}]",1,124640000
1311856220,엘탑엔지니어링,4111,계측 장비 (계측기·수질분석기·유량계),28,인천,True,8.032471638112405,1,False,False,0.4090187502468485,1.44487569187595,3118700013,주식회사 이엘바이오,1.4323242047477036,"[{""brn"": ""3118700013"", ""name"": ""\uc8fc\uc2dd\ud68c\uc0ac \uc774\uc5d8\ubc14\uc774\uc624"", ""dist"": 1.4323242047477036}, {""brn"": ""8338700207"", ""name"": ""\ucf00\uc774\uc564\uc81c\uc774\uc5d4\uc9c0\ub2c8\uc5b4\ub9c1\uc8fc\uc2dd\ud68c\uc0ac"", ""dist"": 1.4455372758862286}, {""brn"": ""1212346388"", ""name"": ""\uc544\uc774\ub4dc\ub514\uc790\uc778"", ""dist"": 1.4567655949939182}, {""brn"": ""2145700618"", ""name"": ""\uc120\uc6b0\uc2dc\uc2a4\ud15c"", ""dist"": 1.4891647779020631}, {""brn"": ""2858702726"", ""name"": ""\uc8fc\uc2dd\ud68c\uc0ac \uc138\uc6d0\uc774\uc5d4\uc774"", ""dist"": 1.5219633035033977}]",1,337198480
4098632931,포엠 주식회사,1216,실험·분석 시약 (살균제·시약키트),,지역미상,False,12.944175950227393,1,False,False,0.4089611391408888,1.4452201060000862,5031875121,에이스컴퍼니,1.4250552471161293,"[{""brn"": ""5031875121"", ""name"": ""\uc5d0\uc774\uc2a4\ucef4\ud37c\ub2c8"", ""dist"": 1.4250552471161293}, {""brn"": ""1946200133"", ""name"": ""\ud574\ubc00\ud14c\ud06c"", ""dist"": 1.4498757357819316}, {""brn"": ""4098615290"", ""name"": ""(\uc8fc)\uc11c\ub9b0\uc0ac\uc774\uc5b8\uc2a4"", ""dist"": 1.4607293351021984}, {""brn"": ""6118119031"", ""name"": ""(\uc8fc)\ub204\ub9ac\uc232"", ""dist"": 1.4614207596854039}, {""brn"": ""6168628355"", ""name"": ""\uc8fc\uc2dd\ud68c\uc0ac \ubcf5\uc740"", ""dist"": 1.4933114742107425}]",1,62144790
1198625240,유티코리아주식회사,4111,계측 장비 (계측기·수질분석기·유량계),11,서울,False,15.966763219221233,1,False,False,0.40891461129999995,1.4454983323311739,1371789964,에스피티,1.4153385116454804,"[{""brn"": ""1371789964"", ""name"": ""\uc5d0\uc2a4\ud53c\ud2f0"", ""dist"": 1.4153385116454804}, {""brn"": ""2108160114"", ""name"": ""\uace0\ub824\uae30\ud504\ud2b8\uc8fc\uc2dd\ud68c\uc0ac"", ""dist"": 1.4284613511877773}, {""brn"": ""6068664989"", ""name"": ""\uc8fc\uc2dd\ud68c\uc0ac \ub300\uc77c\ubc14\uc774\uc624\uba54\ub4dc"", ""dist"": 1.4926951341602637}, {""brn"": ""8811900022"", ""name"": ""\ud3ec\ub099\uc5d0\uc774\uce58\uc5d0\uc774(HA)"", ""dist"": 1.5386455437942654}, {""brn"": ""3088144269"", ""name"": ""\uc8fc\uc2dd\ud68c\uc0ac \ub3c4\uc6b0\ud14d"", ""dist"": 1.591354024186885}]",1,28865000
5931000909,미르시스템,3912,전기 설비 (배전반·계장제어·UPS),45,전북,False,1.869569516278044,1,False,False,0.40888581174651056,1.4456705791003375,2028703230,주식회사 윈컴퍼니,1.4147290102559689,"[{""brn"": ""2028703230"", ""name"": ""\uc8fc\uc2dd\ud68c\uc0ac \uc708\ucef4\ud37c\ub2c8"", ""dist"": 1.4147290102559689}, {""brn"": ""5941601752"", ""name"": ""\uc5f0\ubaa8"", ""dist"": 1.4306204156770672}, {""brn"": ""2676000359"", ""name"": ""\ubaa8\ud604\ud14c\ud06c"", ""dist"": 1.4916623113679763}, {""brn"": ""8811900022"", ""name"": ""\ud3ec\ub099\uc5d0\uc774\uce58\uc5d0\uc774(HA)"", ""dist"": 1.8323938452394322}, {""brn"": ""1243837427"", ""name"": ""\ud654\uc778\ubc14\uc774\uc624"", ""dist"": 1.8575786042883062}]",1,75822600
1358180629,(주)한국소음진동,4111,계측 장비 (계측기·수질분석기·유량계),41,경기,False,19.92295760662712,1,False,False,0.408320058587679,1.4490592097259627,1270383587,닉스,1.4163114970740511,"[{""brn"": ""1270383587"", ""name"": ""\ub2c9\uc2a4"", ""dist"": 1.4163114970740511}, {""brn"": ""1288179309"", ""name"": ""\uc8fc\uc2dd\ud68c\uc0ac \ucc9c\uc77c"", ""dist"": 1.461334066049994}, {""brn"": ""1388149821"", ""name"": ""(\uc8fc)\ud558\uc774\ub4dc\ub85c\ucf54\ub9ac\uc544"", ""dist"": 1.4695320660538422}, {""brn"": ""1371789964"", ""name"": ""\uc5d0\uc2a4\ud53c\ud2f0"", ""dist"": 1.518680449363518}, {""brn"": ""1258192109"", ""name"": ""(\uc8fc)\ub300\ud55c\ud658\uacbd"", ""dist"": 1.5331436924629012}]",1,12191990
6158182050,(주)스카이엔지니어링,2410,운반·물류 장비 (지게차·엘리베이터),,지역미상,False,15.186475744888584,1,False,False,0.40789313760129925,1.4516225153497524,6118119031,(주)누리숲,1.4168682388252638,"[{""brn"": ""6118119031"", ""name"": ""(\uc8fc)\ub204\ub9ac\uc232"", ""dist"": 1.4168682388252638}, {""brn"": ""5038180633"", ""name"": ""\ud074\ub77c\ud06c\uc9c0\uac8c\ucc28 \uc8fc\uc2dd\ud68c\uc0ac"", ""dist"": 1.451718022353165}, {""brn"": ""5031875121"", ""name"": ""\uc5d0\uc774\uc2a4\ucef4\ud37c\ub2c8"", ""dist"": 1.4862812848708284}, {""brn"": ""1946200133"", ""name"": ""\ud574\ubc00\ud14c\ud06c"", ""dist"": 1.5367545222935026}, {""brn"": ""6168628355"", ""name"": ""\uc8fc\uc2dd\ud68c\uc0ac \ubcf5\uc740"", ""dist"": 1.606112234602645}]",1,219018072
1278119123,복지종합가스(주),1214,산업용 가스 (산소·질소·헬륨),41,경기,False,20.538974033731844,1,False,False,0.4076732220372906,1.4529450205305074,1270383587,닉스,1.4226240492920528,"[{""brn"": ""1270383587"", ""name"": ""\ub2c9\uc2a4"", ""dist"": 1.4226240492920528}, {""brn"": ""1288179309"", ""name"": ""\uc8fc\uc2dd\ud68c\uc0ac \ucc9c\uc77c"", ""dist"": 1.443781085200017}, {""brn"": ""1388149821"", ""name"": ""(\uc8fc)\ud558\uc774\ub4dc\ub85c\ucf54\ub9ac\uc544"", ""dist"": 1.4924299270994523}, {""brn"": ""1258192109"", ""name"": ""(\uc8fc)\ub300\ud55c\ud658\uacbd"", ""dist"": 1.5646648235244636}, {""brn"": ""1158800896"", ""name"": ""\ub300\uc2e0\uac00\uc2a4\uc8fc\uc2dd\ud68c\uc0ac"", ""dist"": 1.567691110018051}]",1,12191990
4088174495,(주)진명건설,3010,건자재 (골재·목재),,지역미상,False,18.696400453991938,1,False,False,0.407371043720936,1.4547645577996369,1388149821,(주)하이드로코리아,1.435327395751613,"[{""brn"": ""1388149821"", ""name"": ""(\uc8fc)\ud558\uc774\ub4dc\ub85c\ucf54\ub9ac\uc544"", ""dist"": 1.435327395751613}, {""brn"": ""6118119031"", ""name"": ""(\uc8fc)\ub204\ub9ac\uc232"", ""dist"": 1.4579286589427893}, {""brn"": ""3018175382"", ""name"": ""\uc815\ud604\uc804\ub825\uc8fc\uc2dd\ud68c\uc0ac"", ""dist"": 1.4710376187045087}, {""brn"": ""2238106080"", ""name"": ""\uc0c1\uc9c0\ud658\uacbd\uc0b0\uc5c5(\uc8fc)"", ""dist"": 1.5704521347431242}, {""brn"": ""5031875121"", ""name"": ""\uc5d0\uc774\uc2a4\ucef4\ud37c\ub2c8"", ""dist"": 1.6753566908447506}]",2,642780000
6068122757,(주)경동금속주방,2410,운반·물류 장비 (지게차·엘리베이터),26,부산,True,26.753895320521714,1,False,False,0.40737035460258636,1.4547687103435853,1338122055,(주)천보엔지니어링,1.415284325790632,"[{""brn"": ""1338122055"", ""name"": ""(\uc8fc)\ucc9c\ubcf4\uc5d4\uc9c0\ub2c8\uc5b4\ub9c1"", ""dist"": 1.415284325790632}, {""brn"": ""6078148013"", ""name"": ""(\uc8fc)\uc138\uc6d0\uc5d4\uc9c0\ub2c8\uc5b4\ub9c1"", ""dist"": 1.4186534496791665}, {""brn"": ""6068185295"", ""name"": ""\uc2e0\uc2e0\uc774\uc564\uc9c0(\uc8fc)"", ""dist"": 1.5303683555609577}, {""brn"": ""6020570699"", ""name"": ""\ub514\uc790\uc778\uc608\uac10"", ""dist"": 1.6986093628075931}, {""brn"": ""4188106257"", ""name"": ""\ubc14\ub2e4\uc815\uc218\uc0b0\uc5c5 \uc8fc\uc2dd\ud68c\uc0ac"", ""dist"": 2.000023196180891}]",1,1105000000
1298161966,케이피이 주식회사,4111,계측 장비 (계측기·수질분석기·유량계),41,경기,False,20.807283410870788,1,False,False,0.40718871796409384,1.4558637208808436,1270383587,닉스,1.4266782926422843,"[{""brn"": ""1270383587"", ""name"": ""\ub2c9\uc2a4"", ""dist"": 1.4266782926422843}, {""brn"": ""1288179309"", ""name"": ""\uc8fc\uc2dd\ud68c\uc0ac \ucc9c\uc77c"", ""dist"": 1.437372448225415}, {""brn"": ""1388149821"", ""name"": ""(\uc8fc)\ud558\uc774\ub4dc\ub85c\ucf54\ub9ac\uc544"", ""dist"": 1.5035404217748312}, {""brn"": ""1371789964"", ""name"": ""\uc5d0\uc2a4\ud53c\ud2f0"", ""dist"": 1.5626101979083444}, {""brn"": ""1258192109"", ""name"": ""(\uc8fc)\ub300\ud55c\ud658\uacbd"", ""dist"": 1.5793836326907444}]",1,12191990
4020885308,한진공구볼트,3912,전기 설비 (배전반·계장제어·UPS),45,전북,False,1.409610584039851,1,False,False,0.40711166624161516,1.4563285283171272,2028703230,주식회사 윈컴퍼니,1.417466884736428,"[{""brn"": ""2028703230"", ""name"": ""\uc8fc\uc2dd\ud68c\uc0ac \uc708\ucef4\ud37c\ub2c8"", ""dist"": 1.417466884736428}, {""brn"": ""5941601752"", ""name"": ""\uc5f0\ubaa8"", ""dist"": 1.4404817019267198}, {""brn"": ""2676000359"", ""name"": ""\ubaa8\ud604\ud14c\ud06c"", ""dist"": 1.5110369982882343}, {""brn"": ""8811900022"", ""name"": ""\ud3ec\ub099\uc5d0\uc774\uce58\uc5d0\uc774(HA)"", ""dist"": 1.8696769529147321}, {""brn"": ""1243837427"", ""name"": ""\ud654\uc778\ubc14\uc774\uc624"", ""dist"": 1.8955622379867185}]",1,75822600
5048163563,제일기술 주식회사,4111,계측 장비 (계측기·수질분석기·유량계),27,대구,True,20.634798811281467,1,False,False,0.4070248157434498,1.4568526569404703,5048167220,남호전기 주식회사,1.4270439066461198,"[{""brn"": ""5048167220"", ""name"": ""\ub0a8\ud638\uc804\uae30 \uc8fc\uc2dd\ud68c\uc0ac"", ""dist"": 1.4270439066461198}, {""brn"": ""1178140497"", ""name"": ""\uc8fc\uc2dd\ud68c\uc0ac\ub3d9\uc77c\uadf8\ub9b0\uc2dc\uc2a4"", ""dist"": 1.4667606645258848}, {""brn"": ""5038154421"", ""name"": ""\uc8fc\uc2dd\ud68c\uc0ac \uc544\uc774\uc5d4\ud14d"", ""dist"": 1.4767533996494064}, {""brn"": ""1238613893"", ""name"": ""\uc8fc\uc2dd\ud68c\uc0ac \uadf8\ub9b0\ud50c\ub85c\uc6b0"", ""dist"": 1.498127525547275}, {""brn"": ""8338700207"", ""name"": ""\ucf00\uc774\uc564\uc81c\uc774\uc5d4\uc9c0\ub2c8\uc5b4\ub9c1\uc8fc\uc2dd\ud68c\uc0ac"", ""dist"": 1.9102934902850048}]",1,33660000
2555200045,두리바이오텍,4111,계측 장비 (계측기·수질분석기·유량계),29,광주,False,8.377440837291049,1,False,False,0.4062964287694653,1.461257173804511,7342601117,에벤에셀,1.449951605799283,"[{""brn"": ""7342601117"", ""name"": ""\uc5d0\ubca4\uc5d0\uc140"", ""dist"": 1.449951605799283}, {""brn"": ""8811900022"", ""name"": ""\ud3ec\ub099\uc5d0\uc774\uce58\uc5d0\uc774(HA)"", ""dist"": 1.4562717307592599}, {""brn"": ""6578702144"", ""name"": ""\uc8fc\uc2dd\ud68c\uc0ac \ucf00\uc774\uc640\uc774\uc5d0\uc774\uce58"", ""dist"": 1.4775481848549903}, {""brn"": ""4108686024"", ""name"": ""\uc8fc\uc2dd\ud68c\uc0ac \uc2e0\ud654\uc774\uc5d4\uc528"", ""dist"": 1.4913344026094497}, {""brn"": ""6147100487"", ""name"": ""\ub2e4\uc740\ucef4\ud37c\ub2c8"", ""dist"": 1.4945310275981707}]",1,52939140
6218161292,주식회사 태현이엔지,2410,운반·물류 장비 (지게차·엘리베이터),26,부산,True,21.19058252106928,1,False,False,0.4062442468611028,1.4615733212879338,6068185295,신신이앤지(주),1.41881811743228,"[{""brn"": ""6068185295"", ""name"": ""\uc2e0\uc2e0\uc774\uc564\uc9c0(\uc8fc)"", ""dist"": 1.41881811743228}, {""brn"": ""6020570699"", ""name"": ""\ub514\uc790\uc778\uc608\uac10"", ""dist"": 1.4347435023569595}, {""brn"": ""6078148013"", ""name"": ""(\uc8fc)\uc138\uc6d0\uc5d4\uc9c0\ub2c8\uc5b4\ub9c1"", ""dist"": 1.5311583440745618}, {""brn"": ""1338122055"", ""name"": ""(\uc8fc)\ucc9c\ubcf4\uc5d4\uc9c0\ub2c8\uc5b4\ub9c1"", ""dist"": 1.5539429712872448}, {""brn"": ""1258196954"", ""name"": ""\uc8fc\uc2dd\ud68c\uc0ac \ud558\uc774\ud074\ub85c"", ""dist"": 1.710129180980779}]",5,709026280
3148196554,주식회사 대덕테크,4710,수처리 약품 (응집제·여과재),30,대전,True,16.5608768400289,1,False,False,0.40521355891679267,1.4678344986114886,1138600843,케이에스이엔지주식회사,1.4601283253247703,"[{""brn"": ""1138600843"", ""name"": ""\ucf00\uc774\uc5d0\uc2a4\uc774\uc5d4\uc9c0\uc8fc\uc2dd\ud68c\uc0ac"", ""dist"": 1.4601283253247703}, {""brn"": ""1258196954"", ""name"": ""\uc8fc\uc2dd\ud68c\uc0ac \ud558\uc774\ud074\ub85c"", ""dist"": 1.4643241116200076}, {""brn"": ""1258197083"", ""name"": ""\uc8fc\uc2dd\ud68c\uc0ac \uc774\uc564\uc5d0\ud504"", ""dist"": 1.4790510588896881}, {""brn"": ""6138134440"", ""name"": ""\uc8fc\uc2dd\ud68c\uc0ac \uc11c\uc815\uac1c\ubc1c"", ""dist"": 1.5607132174903044}, {""brn"": ""4018700204"", ""name"": ""(\uc8fc)\ub3c4\uc6d0\uc5d0\ucf54\ud14d"", ""dist"": 1.6035104728669076}]",7,901166010
2248143297,(주)미르,2410,운반·물류 장비 (지게차·엘리베이터),42,강원,False,17.313785806490227,1,False,False,0.40444045764609843,1.4725518456292521,2228124130,대진정보통신 주식회사,1.4168263070149485,"[{""brn"": ""2228124130"", ""name"": ""\ub300\uc9c4\uc815\ubcf4\ud1b5\uc2e0 \uc8fc\uc2dd\ud68c\uc0ac"", ""dist"": 1.4168263070149485}, {""brn"": ""2228127137"", ""name"": ""(\uc8fc)\ub3d9\ud654\uc0b0\uc5c5\uac00\uc2a4"", ""dist"": 1.4664872310697634}, {""brn"": ""5038180633"", ""name"": ""\ud074\ub77c\ud06c\uc9c0\uac8c\ucc28 \uc8fc\uc2dd\ud68c\uc0ac"", ""dist"": 1.5343419988030442}, {""brn"": ""1228622593"", ""name"": ""\uc8fc\uc2dd\ud68c\uc0ac\uc5f0\uc77c\uadf8\ub9b0\uc774\uc5d4\uc528"", ""dist"": 1.5547995370281318}, {""brn"": ""8882800122"", ""name"": ""\uac15\uc6d0\uc0b0\uc5c5"", ""dist"": 1.646149255018122}]",1,31270652
5110475620,정수기랜드,4710,수처리 약품 (응집제·여과재),,지역미상,False,17.27819374625751,1,False,False,0.40421756652428453,1.4739152447000892,6118119031,(주)누리숲,1.425140120046205,"[{""brn"": ""6118119031"", ""name"": ""(\uc8fc)\ub204\ub9ac\uc232"", ""dist"": 1.425140120046205}, {""brn"": ""2740601179"", ""name"": ""\ubb38\ud654\uc608\uc220ATO & \ube44\uc2a4\ud2b8Ent."", ""dist"": 1.4668937663192823}, {""brn"": ""3018175382"", ""name"": ""\uc815\ud604\uc804\ub825\uc8fc\uc2dd\ud68c\uc0ac"", ""dist"": 1.5297118477347798}, {""brn"": ""5031875121"", ""name"": ""\uc5d0\uc774\uc2a4\ucef4\ud37c\ub2c8"", ""dist"": 1.5869604432439075}, {""brn"": ""1946200133"", ""name"": ""\ud574\ubc00\ud14c\ud06c"", ""dist"": 1.6573461859347236}]",1,219018072
4118803748,주식회사 케이씨티(KCT),3912,전기 설비 (배전반·계장제어·UPS),45,전북,True,0.7224100364696935,1,False,False,0.3992895677284637,1.5044481018849172,5448702659,주식회사 케이룩수,1.4524203777314817,"[{""brn"": ""5448702659"", ""name"": ""\uc8fc\uc2dd\ud68c\uc0ac \ucf00\uc774\ub8e9\uc218"", ""dist"": 1.4524203777314817}, {""brn"": ""5318801914"", ""name"": ""(\uc8fc)\uc774\uc5d4\uc5d0\uc774\uce58\uc2dc\uc2a4\ud15c"", ""dist"": 1.5068383532764722}, {""brn"": ""7728101971"", ""name"": ""\uc720\ud55c\ud68c\uc0ac \uc9c0\uc6b0"", ""dist"": 1.5540855746467979}, {""brn"": ""8308601724"", ""name"": ""\uc8fc\uc2dd\ud68c\uc0ac \ubbff\uc74c\uc774\uc5d4\uc9c0"", ""dist"": 1.5583929211986354}, {""brn"": ""2168701696"", ""name"": ""\uc8fc\uc2dd\ud68c\uc0ac \ud22c\ube44\ucf64"", ""dist"": 1.5655490876415605}]",2,103245700
4088608743,주식회사 퍼스트 기획관리,3912,전기 설비 (배전반·계장제어·UPS),29,광주,False,12.005093130241082,1,False,False,0.3974685973624522,1.5159220291511444,4108686024,주식회사 신화이엔씨,1.4143223906073645,"[{""brn"": ""4108686024"", ""name"": ""\uc8fc\uc2dd\ud68c\uc0ac \uc2e0\ud654\uc774\uc5d4\uc528"", ""dist"": 1.4143223906073645}, {""brn"": ""4098615290"", ""name"": ""(\uc8fc)\uc11c\ub9b0\uc0ac\uc774\uc5b8\uc2a4"", ""dist"": 1.4946423218355804}, {""brn"": ""4102066401"", ""name"": ""\uc528\uc5d0\uc2a4\ud14d"", ""dist"": 1.6388013750104886}, {""brn"": ""5941601752"", ""name"": ""\uc5f0\ubaa8"", ""dist"": 1.7658798837698833}, {""brn"": ""1245259752"", ""name"": ""\uc36c\ud14c\ud06c"", ""dist"": 2.000001065136648}]",1,80491520
5058149910,(주)엠에스테크노코리아,3912,전기 설비 (배전반·계장제어·UPS),26,부산,False,17.146776908475168,1,False,False,0.3965428013374048,1.5217958733012882,6071832614,영화상사,1.4519514449730562,"[{""brn"": ""6071832614"", ""name"": ""\uc601\ud654\uc0c1\uc0ac"", ""dist"": 1.4519514449730562}, {""brn"": ""6098178075"", ""name"": ""\ub354\ud39c\uc0c1\uc0ac\uc8fc\uc2dd\ud68c\uc0ac"", ""dist"": 1.4749823427126483}, {""brn"": ""5978100217"", ""name"": ""\uc8fc\uc2dd\ud68c\uc0ac \uc6b0\uc601\ubb3c\uc0b0"", ""dist"": 1.63845383221816}, {""brn"": ""6212246182"", ""name"": ""\uc608\ub2f4\uc0b0\uc5c5"", ""dist"": 1.6629318053503446}, {""brn"": ""4544300562"", ""name"": ""\uc2dc\uc18c\ucee4\ubba4\ub2c8\ucf00\uc774\uc158"", ""dist"": 1.895562237986718}]",1,355450
7030500138,블루시스템,3912,전기 설비 (배전반·계장제어·UPS),27,대구,True,1.1330876545395088,1,False,False,0.3962300265048554,1.523786520726354,5318801914,(주)이엔에이치시스템,1.489812660660656,"[{""brn"": ""5318801914"", ""name"": ""(\uc8fc)\uc774\uc5d4\uc5d0\uc774\uce58\uc2dc\uc2a4\ud15c"", ""dist"": 1.489812660660656}, {""brn"": ""8308601724"", ""name"": ""\uc8fc\uc2dd\ud68c\uc0ac \ubbff\uc74c\uc774\uc5d4\uc9c0"", ""dist"": 1.5374284221134213}, {""brn"": ""2168701696"", ""name"": ""\uc8fc\uc2dd\ud68c\uc0ac \ud22c\ube44\ucf64"", ""dist"": 1.5441184794049838}, {""brn"": ""4918801464"", ""name"": ""\uc9c4\uc601\uc0b0\uc5c5\uc8fc\uc2dd\ud68c\uc0ac"", ""dist"": 1.581687839176143}, {""brn"": ""3378100823"", ""name"": ""\uc8fc\uc2dd\ud68c\uc0ac \ud2f0\uc564\uc81c\uc774"", ""dist"": 1.623883993616024}]",1,265262000
2228130025,주식회사 나무나라,3010,건자재 (골재·목재),30,대전,True,12.585517497113088,1,False,False,0.3932051130667615,1.5432019238015655,4188136616,유한회사 제일,1.4587685866888531,"[{""brn"": ""4188136616"", ""name"": ""\uc720\ud55c\ud68c\uc0ac \uc81c\uc77c"", ""dist"": 1.4587685866888531}, {""brn"": ""4188119844"", ""name"": ""\uc8fc\uc2dd\ud68c\uc0ac \uc81c\uc77c\ud658\uacbd"", ""dist"": 1.4816950027455775}, {""brn"": ""4168199463"", ""name"": ""\uc8fc\uc2dd\ud68c\uc0ac \uc608\uc77c\uc0b0\uc5c5"", ""dist"": 1.689142181970266}, {""brn"": ""1248169416"", ""name"": ""\uc720\ub9bc\ud574\uc77c\uc8fc\uc2dd\ud68c\uc0ac"", ""dist"": 1.697657177802304}, {""brn"": ""4887600321"", ""name"": ""\uc81c\uc774\uc6d0\ud53c\uc624\ub514"", ""dist"": 1.7420740033155455}]",1,78244120
4098637289,주식회사거도,4710,수처리 약품 (응집제·여과재),29,광주,False,8.445887106969352,1,False,False,0.3926531764491214,1.546776799422063,2740601179,문화예술ATO & 비스트Ent.,1.4585999907256038,"[{""brn"": ""2740601179"", ""name"": ""\ubb38\ud654\uc608\uc220ATO & \ube44\uc2a4\ud2b8Ent."", ""dist"": 1.4585999907256038}, {""brn"": ""4108686024"", ""name"": ""\uc8fc\uc2dd\ud68c\uc0ac \uc2e0\ud654\uc774\uc5d4\uc528"", ""dist"": 1.4886268465088894}, {""brn"": ""4098615290"", ""name"": ""(\uc8fc)\uc11c\ub9b0\uc0ac\uc774\uc5b8\uc2a4"", ""dist"": 1.6931035610316953}, {""brn"": ""4102066401"", ""name"": ""\uc528\uc5d0\uc2a4\ud14d"", ""dist"": 1.9042919618328822}, {""brn"": ""5556700196"", ""name"": ""\ub2e4\uc740\ucef4\ud37c\ub2c8"", ""dist"": 2.000017042118303}]",1,44166110
1090381581,프린스상사,4111,계측 장비 (계측기·수질분석기·유량계),11,서울,False,19.274086970076812,1,False,False,0.391340973315024,1.5553163818474331,2108160114,고려기프트주식회사,1.4303616688041947,"[{""brn"": ""2108160114"", ""name"": ""\uace0\ub824\uae30\ud504\ud2b8\uc8fc\uc2dd\ud68c\uc0ac"", ""dist"": 1.4303616688041947}, {""brn"": ""1371789964"", ""name"": ""\uc5d0\uc2a4\ud53c\ud2f0"", ""dist"": 1.4908981900743372}, {""brn"": ""8811900022"", ""name"": ""\ud3ec\ub099\uc5d0\uc774\uce58\uc5d0\uc774(HA)"", ""dist"": 1.744689286663768}, {""brn"": ""3088144269"", ""name"": ""\uc8fc\uc2dd\ud68c\uc0ac \ub3c4\uc6b0\ud14d"", ""dist"": 1.8197711754142019}, {""brn"": ""4508700341"", ""name"": ""\uc8fc\uc2dd\ud68c\uc0ac \uc5d8\ube44\ucf00\uc774\uc0ac\uc774\uc5b8\uc2a4"", ""dist"": 1.8464723977972195}]",2,29838314
1278626880,주식회사 건일엔지니어링,4111,계측 장비 (계측기·수질분석기·유량계),30,대전,False,15.315154731883794,1,False,False,0.3859979457382548,1.5906873625646185,1371789964,에스피티,1.4144426735109534,"[{""brn"": ""1371789964"", ""name"": ""\uc5d0\uc2a4\ud53c\ud2f0"", ""dist"": 1.4144426735109534}, {""brn"": ""8811900022"", ""name"": ""\ud3ec\ub099\uc5d0\uc774\uce58\uc5d0\uc774(HA)"", ""dist"": 1.5082683770488141}, {""brn"": ""7342601117"", ""name"": ""\uc5d0\ubca4\uc5d0\uc140"", ""dist"": 1.8493510371340878}, {""brn"": ""7820901711"", ""name"": ""\ubaa8\uc544\ud14c\ud06c"", ""dist"": 1.850903695174681}, {""brn"": ""6578702144"", ""name"": ""\uc8fc\uc2dd\ud68c\uc0ac \ucf00\uc774\uc640\uc774\uc5d0\uc774\uce58"", ""dist"": 1.920734868872969}]",1,28865000
6098169498,주식회사 이레전력,3912,전기 설비 (배전반·계장제어·UPS),,지역미상,False,20.61289600498441,1,False,False,0.3859054639824727,1.591308217510542,3018175382,정현전력주식회사,1.4237021200997428,"[{""brn"": ""3018175382"", ""name"": ""\uc815\ud604\uc804\ub825\uc8fc\uc2dd\ud68c\uc0ac"", ""dist"": 1.4237021200997428}, {""brn"": ""6118119031"", ""name"": ""(\uc8fc)\ub204\ub9ac\uc232"", ""dist"": 1.5343419988030447}, {""brn"": ""5031875121"", ""name"": ""\uc5d0\uc774\uc2a4\ucef4\ud37c\ub2c8"", ""dist"": 1.815880533628839}, {""brn"": ""1946200133"", ""name"": ""\ud574\ubc00\ud14c\ud06c"", ""dist"": 1.9095998306933921}, {""brn"": ""1270383587"", ""name"": ""\ub2c9\uc2a4"", ""dist"": 2.0066925376375586}]",1,19094000
2037162997,한일이앤씨,4015,펌프·압축기 (수중펌프·공기압축기),11,서울,False,17.23712598445053,1,False,False,0.3856687045341285,1.5928990043616782,2108160114,고려기프트주식회사,1.414826046230129,"[{""brn"": ""2108160114"", ""name"": ""\uace0\ub824\uae30\ud504\ud2b8\uc8fc\uc2dd\ud68c\uc0ac"", ""dist"": 1.414826046230129}, {""brn"": ""3088144269"", ""name"": ""\uc8fc\uc2dd\ud68c\uc0ac \ub3c4\uc6b0\ud14d"", ""dist"": 1.6705782310680604}, {""brn"": ""4508700341"", ""name"": ""\uc8fc\uc2dd\ud68c\uc0ac \uc5d8\ube44\ucf00\uc774\uc0ac\uc774\uc5b8\uc2a4"", ""dist"": 1.6932927357868452}, {""brn"": ""6191360568"", ""name"": ""\ucf00\uc774\uc5e0\uc0c1\uc0ac"", ""dist"": 1.7303002395151255}, {""brn"": ""1471400892"", ""name"": ""K\uff06J \ud14c\ud06c"", ""dist"": 1.8186891615719738}]",2,29838314
1298126810,워터렉스(주),4710,수처리 약품 (응집제·여과재),41,경기,False,25.146776908475168,1,False,False,0.38455419234936417,1.6004137255419868,1288179309,주식회사 천일,1.4432981527520305,"[{""brn"": ""1288179309"", ""name"": ""\uc8fc\uc2dd\ud68c\uc0ac \ucc9c\uc77c"", ""dist"": 1.4432981527520305}, {""brn"": ""1270383587"", ""name"": ""\ub2c9\uc2a4"", ""dist"": 1.5930926936046725}, {""brn"": ""1388149821"", ""name"": ""(\uc8fc)\ud558\uc774\ub4dc\ub85c\ucf54\ub9ac\uc544"", ""dist"": 1.764850330269257}, {""brn"": ""1258192109"", ""name"": ""(\uc8fc)\ub300\ud55c\ud658\uacbd"", ""dist"": 1.8864272819143701}, {""brn"": ""2238106080"", ""name"": ""\uc0c1\uc9c0\ud658\uacbd\uc0b0\uc5c5(\uc8fc)"", ""dist"": 2.0040682654277093}]",1,174679514
2241540465,태하엔지니어링,4710,수처리 약품 (응집제·여과재),41,경기,True,14.896263561452582,2,False,True,0.3806373389012757,1.6271726333694387,1298659669,온디자인주식회사,1.414216240292506,"[{""brn"": ""1298659669"", ""name"": ""\uc628\ub514\uc790\uc778\uc8fc\uc2dd\ud68c\uc0ac"", ""dist"": 1.414216240292506}, {""brn"": ""6158700370"", ""name"": ""\uafc8\ub3d9\uc0b0\uc7a5\uc560\uc778\ud45c\uc900\uc0ac\uc5c5\uc7a5 \uc8fc\uc2dd\ud68c\uc0ac"", ""dist"": 1.6230392777510252}, {""brn"": ""8658801710"", ""name"": ""\uc0ac\ud68c\uc801\ud611\ub3d9\uc870\ud569 \ub098\ub77c\uc0ac\ub791"", ""dist"": 1.8442623820647852}, {""brn"": ""3178124966"", ""name"": ""\uc8fc\uc131\uc774\uc5d4\uc9c0 \uc8fc\uc2dd\ud68c\uc0ac"", ""dist"": 2.0087368159863854}, {""brn"": ""1258197083"", ""name"": ""\uc8fc\uc2dd\ud68c\uc0ac \uc774\uc564\uc5d0\ud504"", ""dist"": 2.0202224713197343}]",1,77361320
1390291782,현성펌프기술,4015,펌프·압축기 (수중펌프·공기압축기),28,인천,False,23.561561302725682,1,False,False,0.3805779274747635,1.6275827571905388,1228601341,주식회사 유니온공조이엔지,1.614834640730415,"[{""brn"": ""1228601341"", ""name"": ""\uc8fc\uc2dd\ud68c\uc0ac \uc720\ub2c8\uc628\uacf5\uc870\uc774\uc5d4\uc9c0"", ""dist"": 1.614834640730415}, {""brn"": ""1211872790"", ""name"": ""\uc815\uc5d4\ud130\ud504\ub77c\uc774\uc988"", ""dist"": 1.6201776092886673}, {""brn"": ""1218197285"", ""name"": ""\uc8fc\uc2dd\ud68c\uc0ac \uc131\ucc3d\uc0ac\uc774\uc5b8\uc2a4"", ""dist"": 1.6477360215525343}, {""brn"": ""1370736226"", ""name"": ""\ub300\ud55c\ucf10\ub7a9"", ""dist"": 1.664744193938374}, {""brn"": ""1371789964"", ""name"": ""\uc5d0\uc2a4\ud53c\ud2f0"", ""dist"": 1.7382652858265897}]",1,45488000
1128137172,부루 주식회사,4710,수처리 약품 (응집제·여과재),41,경기,False,25.65601715488174,1,False,False,0.3804773084151739,1.628277634125838,1288179309,주식회사 천일,1.4574283677290094,"[{""brn"": ""1288179309"", ""name"": ""\uc8fc\uc2dd\ud68c\uc0ac \ucc9c\uc77c"", ""dist"": 1.4574283677290094}, {""brn"": ""1270383587"", ""name"": ""\ub2c9\uc2a4"", ""dist"": 1.6235459413244628}, {""brn"": ""1388149821"", ""name"": ""(\uc8fc)\ud558\uc774\ub4dc\ub85c\ucf54\ub9ac\uc544"", ""dist"": 1.8038585933240427}, {""brn"": ""1258192109"", ""name"": ""(\uc8fc)\ub300\ud55c\ud658\uacbd"", ""dist"": 1.9293707253730201}, {""brn"": ""2238106080"", ""name"": ""\uc0c1\uc9c0\ud658\uacbd\uc0b0\uc5c5(\uc8fc)"", ""dist"": 2.0091584105457083}]",1,174679514
1378144202,우송건설 주식회사,3912,전기 설비 (배전반·계장제어·UPS),28,인천,False,24.10365575857784,1,False,False,0.3756110066144787,1.662328798650952,1228601341,주식회사 유니온공조이엔지,1.648796247582196,"[{""brn"": ""1228601341"", ""name"": ""\uc8fc\uc2dd\ud68c\uc0ac \uc720\ub2c8\uc628\uacf5\uc870\uc774\uc5d4\uc9c0"", ""dist"": 1.648796247582196}, {""brn"": ""1211872790"", ""name"": ""\uc815\uc5d4\ud130\ud504\ub77c\uc774\uc988"", ""dist"": 1.6544828036515586}, {""brn"": ""1218197285"", ""name"": ""\uc8fc\uc2dd\ud68c\uc0ac \uc131\ucc3d\uc0ac\uc774\uc5b8\uc2a4"", ""dist"": 1.683707344719101}, {""brn"": ""1370736226"", ""name"": ""\ub300\ud55c\ucf10\ub7a9"", ""dist"": 1.7016644585717622}, {""brn"": ""1371789964"", ""name"": ""\uc5d0\uc2a4\ud53c\ud2f0"", ""dist"": 1.7787350341891135}]",1,45488000
3808603192,주식회사 블루팩토리,4111,계측 장비 (계측기·수질분석기·유량계),27,대구,True,1.70803631983725,1,False,False,0.3753645763178573,1.6640766419929935,2145700618,선우시스템,1.4517957525444172,"[{""brn"": ""2145700618"", ""name"": ""\uc120\uc6b0\uc2dc\uc2a4\ud15c"", ""dist"": 1.4517957525444172}, {""brn"": ""5022625977"", ""name"": ""\ub274\uc6d4\ub4dc"", ""dist"": 1.7685617473409327}, {""brn"": ""5250400278"", ""name"": ""\ud604\uc2b9\uae30\uacf5"", ""dist"": 1.7718724260936305}, {""brn"": ""8338700207"", ""name"": ""\ucf00\uc774\uc564\uc81c\uc774\uc5d4\uc9c0\ub2c8\uc5b4\ub9c1\uc8fc\uc2dd\ud68c\uc0ac"", ""dist"": 1.7879563352424024}, {""brn"": ""2363501430"", ""name"": ""\ub514\ud53c\uc5d0\uc2a4\ud14c\ud06c\ub180\ub85c\uc9c0"", ""dist"": 2.000326171588432}]",1,52250000
1868102048,(주)프레쉬테크,4111,계측 장비 (계측기·수질분석기·유량계),50,제주,True,2.844244396497072,1,False,False,0.36897339399898477,1.7102225154010737,2145700618,선우시스템,1.4263178953205822,"[{""brn"": ""2145700618"", ""name"": ""\uc120\uc6b0\uc2dc\uc2a4\ud15c"", ""dist"": 1.4263178953205822}, {""brn"": ""8338700207"", ""name"": ""\ucf00\uc774\uc564\uc81c\uc774\uc5d4\uc9c0\ub2c8\uc5b4\ub9c1\uc8fc\uc2dd\ud68c\uc0ac"", ""dist"": 1.704347757306768}, {""brn"": ""6790400686"", ""name"": ""\ub2e4\uc628\uc5d4\uc9c0\ub2c8\uc5b4\ub9c1"", ""dist"": 2.000001893575871}, {""brn"": ""1608803078"", ""name"": ""\uc720\uba85\uc774\uc5d4\uc9c0\uc8fc\uc2dd\ud68c\uc0ac"", ""dist"": 2.000289962510158}, {""brn"": ""1808802923"", ""name"": ""\uc0bc\uc131\ud658\uacbd \uc8fc\uc2dd\ud68c\uc0ac"", ""dist"": 2.0003324134466403}]",1,52250000
6031798484,동광기전,4111,계측 장비 (계측기·수질분석기·유량계),26,부산,False,22.269295731199332,1,False,False,0.368801006714898,1.711489344640133,1371789964,에스피티,1.6491500788965052,"[{""brn"": ""1371789964"", ""name"": ""\uc5d0\uc2a4\ud53c\ud2f0"", ""dist"": 1.6491500788965052}, {""brn"": ""6071832614"", ""name"": ""\uc601\ud654\uc0c1\uc0ac"", ""dist"": 1.7163429706268747}, {""brn"": ""6098178075"", ""name"": ""\ub354\ud39c\uc0c1\uc0ac\uc8fc\uc2dd\ud68c\uc0ac"", ""dist"": 1.7689749843970188}, {""brn"": ""8811900022"", ""name"": ""\ud3ec\ub099\uc5d0\uc774\uce58\uc5d0\uc774(HA)"", ""dist"": 1.9886316853876538}, {""brn"": ""3018175382"", ""name"": ""\uc815\ud604\uc804\ub825\uc8fc\uc2dd\ud68c\uc0ac"", ""dist"": 2.000484696919807}]",1,28865000
3010530983,강산종합상사,2410,운반·물류 장비 (지게차·엘리베이터),,지역미상,False,25.116660549816714,1,False,False,0.36128077903335765,1.767930258220763,3018175382,정현전력주식회사,1.4701883993347316,"[{""brn"": ""3018175382"", ""name"": ""\uc815\ud604\uc804\ub825\uc8fc\uc2dd\ud68c\uc0ac"", ""dist"": 1.4701883993347316}, {""brn"": ""6118119031"", ""name"": ""(\uc8fc)\ub204\ub9ac\uc232"", ""dist"": 1.8297715511759756}, {""brn"": ""2238106080"", ""name"": ""\uc0c1\uc9c0\ud658\uacbd\uc0b0\uc5c5(\uc8fc)"", ""dist"": 2.003830824151582}, {""brn"": ""1288179309"", ""name"": ""\uc8fc\uc2dd\ud68c\uc0ac \ucc9c\uc77c"", ""dist"": 2.020134154971129}, {""brn"": ""5038180633"", ""name"": ""\ud074\ub77c\ud06c\uc9c0\uac8c\ucc28 \uc8fc\uc2dd\ud68c\uc0ac"", ""dist"": 2.117197790037362}]",1,19094000
2158659086,(주)옥서스코리아,4710,수처리 약품 (응집제·여과재),11,서울,False,21.49722180922808,1,False,False,0.3526989059679829,1.8352795630468368,2108160114,고려기프트주식회사,1.4979006271254194,"[{""brn"": ""2108160114"", ""name"": ""\uace0\ub824\uae30\ud504\ud2b8\uc8fc\uc2dd\ud68c\uc0ac"", ""dist"": 1.4979006271254194}, {""brn"": ""3018175382"", ""name"": ""\uc815\ud604\uc804\ub825\uc8fc\uc2dd\ud68c\uc0ac"", ""dist"": 2.0007015654925207}, {""brn"": ""1288179309"", ""name"": ""\uc8fc\uc2dd\ud68c\uc0ac \ucc9c\uc77c"", ""dist"": 2.0072364965225704}, {""brn"": ""3088144269"", ""name"": ""\uc8fc\uc2dd\ud68c\uc0ac \ub3c4\uc6b0\ud14d"", ""dist"": 2.0073432236471325}, {""brn"": ""1270383587"", ""name"": ""\ub2c9\uc2a4"", ""dist"": 2.0188000969357636}]",2,29838314
6101368146,삼광산업,1214,산업용 가스 (산소·질소·헬륨),31,울산,False,21.535551720247927,1,False,False,0.3519786859049435,1.8410811223667765,2228127137,(주)동화산업가스,1.686325877104915,"[{""brn"": ""2228127137"", ""name"": ""(\uc8fc)\ub3d9\ud654\uc0b0\uc5c5\uac00\uc2a4"", ""dist"": 1.686325877104915}, {""brn"": ""6201358121"", ""name"": ""\uc2a4\ud0c0\ubca8"", ""dist"": 1.8363376661591655}, {""brn"": ""3018175382"", ""name"": ""\uc815\ud604\uc804\ub825\uc8fc\uc2dd\ud68c\uc0ac"", ""dist"": 2.0005798238362495}, {""brn"": ""1288179309"", ""name"": ""\uc8fc\uc2dd\ud68c\uc0ac \ucc9c\uc77c"", ""dist"": 2.0068336349614078}, {""brn"": ""6108144084"", ""name"": ""\uc8fc\uc2dd\ud68c\uc0acDS\uac00\uc2a4\ud14d"", ""dist"": 2.019177333525012}]",1,23932300
2108152647,(주)나노비스타,3912,전기 설비 (배전반·계장제어·UPS),11,서울,False,22.053005519015894,1,False,False,0.3519087512695661,1.8416457288781338,2108160114,고려기프트주식회사,1.522345020553398,"[{""brn"": ""2108160114"", ""name"": ""\uace0\ub824\uae30\ud504\ud2b8\uc8fc\uc2dd\ud68c\uc0ac"", ""dist"": 1.522345020553398}, {""brn"": ""3018175382"", ""name"": ""\uc815\ud604\uc804\ub825\uc8fc\uc2dd\ud68c\uc0ac"", ""dist"": 2.0000710374543536}, {""brn"": ""1288179309"", ""name"": ""\uc8fc\uc2dd\ud68c\uc0ac \ucc9c\uc77c"", ""dist"": 2.00252112862665}, {""brn"": ""2238106080"", ""name"": ""\uc0c1\uc9c0\ud658\uacbd\uc0b0\uc5c5(\uc8fc)"", ""dist"": 2.0169725704324466}, {""brn"": ""1270383587"", ""name"": ""\ub2c9\uc2a4"", ""dist"": 2.029488215186297}]",2,29838314
2212671010,정원통신,4111,계측 장비 (계측기·수질분석기·유량계),42,강원,False,29.130349803752377,1,False,False,0.34048303800994123,1.9370038691055227,2238106080,상지환경산업(주),1.5474516868745487,"[{""brn"": ""2238106080"", ""name"": ""\uc0c1\uc9c0\ud658\uacbd\uc0b0\uc5c5(\uc8fc)"", ""dist"": 1.5474516868745487}, {""brn"": ""2228124130"", ""name"": ""\ub300\uc9c4\uc815\ubcf4\ud1b5\uc2e0 \uc8fc\uc2dd\ud68c\uc0ac"", ""dist"": 2.113616015424695}, {""brn"": ""1288179309"", ""name"": ""\uc8fc\uc2dd\ud68c\uc0ac \ucc9c\uc77c"", ""dist"": 2.1499439050173246}, {""brn"": ""3018175382"", ""name"": ""\uc815\ud604\uc804\ub825\uc8fc\uc2dd\ud68c\uc0ac"", ""dist"": 2.195699664946351}, {""brn"": ""1371789964"", ""name"": ""\uc5d0\uc2a4\ud53c\ud2f0"", ""dist"": 2.219384800270259}]",1,45556170
1398119510,고려설비(주),3912,전기 설비 (배전반·계장제어·UPS),28,인천,False,27.84082208301316,1,False,False,0.3389416920321698,1.9503599690093232,1228601341,주식회사 유니온공조이엔지,1.9326501453026956,"[{""brn"": ""1228601341"", ""name"": ""\uc8fc\uc2dd\ud68c\uc0ac \uc720\ub2c8\uc628\uacf5\uc870\uc774\uc5d4\uc9c0"", ""dist"": 1.9326501453026956}, {""brn"": ""1211872790"", ""name"": ""\uc815\uc5d4\ud130\ud504\ub77c\uc774\uc988"", ""dist"": 1.9401700427614248}, {""brn"": ""1218197285"", ""name"": ""\uc8fc\uc2dd\ud68c\uc0ac \uc131\ucc3d\uc0ac\uc774\uc5b8\uc2a4"", ""dist"": 1.9782597189638484}, {""brn"": ""1370736226"", ""name"": ""\ub300\ud55c\ucf10\ub7a9"", ""dist"": 2.001248789756642}, {""brn"": ""2238106080"", ""name"": ""\uc0c1\uc9c0\ud658\uacbd\uc0b0\uc5c5(\uc8fc)"", ""dist"": 2.0536043661889916}]",1,45488000
3052758044,영림엔지니어링,4015,펌프·압축기 (수중펌프·공기압축기),30,대전,False,15.47942577911172,1,False,False,0.3384256358221839,1.9548588940981457,7820901711,모아테크,1.8642867485433894,"[{""brn"": ""7820901711"", ""name"": ""\ubaa8\uc544\ud14c\ud06c"", ""dist"": 1.8642867485433894}, {""brn"": ""1371789964"", ""name"": ""\uc5d0\uc2a4\ud53c\ud2f0"", ""dist"": 2.0000057990704443}, {""brn"": ""1258192109"", ""name"": ""(\uc8fc)\ub300\ud55c\ud658\uacbd"", ""dist"": 2.000284134680604}, {""brn"": ""4098615290"", ""name"": ""(\uc8fc)\uc11c\ub9b0\uc0ac\uc774\uc5b8\uc2a4"", ""dist"": 2.000555243900377}, {""brn"": ""6118119031"", ""name"": ""(\uc8fc)\ub204\ub9ac\uc232"", ""dist"": 2.0006219728428385}]",1,81467752
6218129462,(주)일산기업,4710,수처리 약품 (응집제·여과재),26,부산,False,24.823710515593582,1,False,False,0.3371944581184849,1.965647791425491,6071832614,영화상사,1.9165501381697425,"[{""brn"": ""6071832614"", ""name"": ""\uc601\ud654\uc0c1\uc0ac"", ""dist"": 1.9165501381697425}, {""brn"": ""6098178075"", ""name"": ""\ub354\ud39c\uc0c1\uc0ac\uc8fc\uc2dd\ud68c\uc0ac"", ""dist"": 1.9785002888669083}, {""brn"": ""2238106080"", ""name"": ""\uc0c1\uc9c0\ud658\uacbd\uc0b0\uc5c5(\uc8fc)"", ""dist"": 2.0018929472398224}, {""brn"": ""1288179309"", ""name"": ""\uc8fc\uc2dd\ud68c\uc0ac \ucc9c\uc77c"", ""dist"": 2.0152796052359667}, {""brn"": ""3018175382"", ""name"": ""\uc815\ud604\uc804\ub825\uc8fc\uc2dd\ud68c\uc0ac"", ""dist"": 2.033034049345026}]",1,355450
4138100393,(주)동신건설,3912,전기 설비 (배전반·계장제어·UPS),,지역미상,False,29.17689326713362,1,False,False,0.33583482836031275,1.9776542381932858,3018175382,정현전력주식회사,1.6827745077520124,"[{""brn"": ""3018175382"", ""name"": ""\uc815\ud604\uc804\ub825\uc8fc\uc2dd\ud68c\uc0ac"", ""dist"": 1.6827745077520124}, {""brn"": ""2238106080"", ""name"": ""\uc0c1\uc9c0\ud658\uacbd\uc0b0\uc5c5(\uc8fc)"", ""dist"": 2.098091627454556}, {""brn"": ""1288179309"", ""name"": ""\uc8fc\uc2dd\ud68c\uc0ac \ucc9c\uc77c"", ""dist"": 2.152096579373289}, {""brn"": ""6118119031"", ""name"": ""(\uc8fc)\ub204\ub9ac\uc232"", ""dist"": 2.189302432698082}, {""brn"": ""1378128430"", ""name"": ""(\uc8fc)\ud53c\ub2c9\uc2a4"", ""dist"": 2.238850916438159}]",1,19094000
3058140639,(주)하나로전기,4111,계측 장비 (계측기·수질분석기·유량계),30,대전,False,25.595784437564834,1,False,False,0.33571119272000366,1.9787508480065465,1371789964,에스피티,1.8983136042325242,"[{""brn"": ""1371789964"", ""name"": ""\uc5d0\uc2a4\ud53c\ud2f0"", ""dist"": 1.8983136042325242}, {""brn"": ""2238106080"", ""name"": ""\uc0c1\uc9c0\ud658\uacbd\uc0b0\uc5c5(\uc8fc)"", ""dist"": 2.0084507246008183}, {""brn"": ""1288179309"", ""name"": ""\uc8fc\uc2dd\ud68c\uc0ac \ucc9c\uc77c"", ""dist"": 2.029488215186297}, {""brn"": ""3018175382"", ""name"": ""\uc815\ud604\uc804\ub825\uc8fc\uc2dd\ud68c\uc0ac"", ""dist"": 2.052671245046473}, {""brn"": ""1270383587"", ""name"": ""\ub2c9\uc2a4"", ""dist"": 2.1503227895321606}]",1,28865000
3140834633,한강기전대전지사,3912,전기 설비 (배전반·계장제어·UPS),30,대전,False,20.45410065933075,1,False,False,0.33232865495728775,2.009069440998171,1270383587,닉스,2.0051629189917923,"[{""brn"": ""1270383587"", ""name"": ""\ub2c9\uc2a4"", ""dist"": 2.0051629189917923}, {""brn"": ""3018175382"", ""name"": ""\uc815\ud604\uc804\ub825\uc8fc\uc2dd\ud68c\uc0ac"", ""dist"": 2.0084507246008183}, {""brn"": ""4102066401"", ""name"": ""\uc528\uc5d0\uc2a4\ud14d"", ""dist"": 2.013594679401903}, {""brn"": ""1288179309"", ""name"": ""\uc8fc\uc2dd\ud68c\uc0ac \ucc9c\uc77c"", ""dist"": 2.0225770282897417}, {""brn"": ""2108160114"", ""name"": ""\uace0\ub824\uae30\ud504\ud2b8\uc8fc\uc2dd\ud68c\uc0ac"", ""dist"": 2.032603083620406}]",1,12191990
1818602150,주식회사 정한이텍,4710,수처리 약품 (응집제·여과재),42,강원,True,4.610158154197277,2,False,True,0.3290553981595832,2.0390019601350726,8658801710,사회적협동조합 나라사랑,2.0029522741714234,"[{""brn"": ""8658801710"", ""name"": ""\uc0ac\ud68c\uc801\ud611\ub3d9\uc870\ud569 \ub098\ub77c\uc0ac\ub791"", ""dist"": 2.0029522741714234}, {""brn"": ""6848101091"", ""name"": ""\uc8fc\uc2dd\ud68c\uc0ac \uccad\ub9bc"", ""dist"": 2.0534493962626574}, {""brn"": ""6158700370"", ""name"": ""\uafc8\ub3d9\uc0b0\uc7a5\uc560\uc778\ud45c\uc900\uc0ac\uc5c5\uc7a5 \uc8fc\uc2dd\ud68c\uc0ac"", ""dist"": 2.0606042099711366}, {""brn"": ""3178124966"", ""name"": ""\uc8fc\uc131\uc774\uc5d4\uc9c0 \uc8fc\uc2dd\ud68c\uc0ac"", ""dist"": 2.2851161308684436}, {""brn"": ""1138600843"", ""name"": ""\ucf00\uc774\uc5d0\uc2a4\uc774\uc5d4\uc9c0\uc8fc\uc2dd\ud68c\uc0ac"", ""dist"": 2.30802898124646}]",13,3251738500
1218155612,한국아이치 주식회사,4111,계측 장비 (계측기·수질분석기·유량계),41,경기,True,22.871622904368394,2,False,True,0.3270845608297577,2.057313367109627,1298659669,온디자인주식회사,1.7316888736820373,"[{""brn"": ""1298659669"", ""name"": ""\uc628\ub514\uc790\uc778\uc8fc\uc2dd\ud68c\uc0ac"", ""dist"": 1.7316888736820373}, {""brn"": ""1238613893"", ""name"": ""\uc8fc\uc2dd\ud68c\uc0ac \uadf8\ub9b0\ud50c\ub85c\uc6b0"", ""dist"": 2.1523044144118177}, {""brn"": ""6158700370"", ""name"": ""\uafc8\ub3d9\uc0b0\uc7a5\uc560\uc778\ud45c\uc900\uc0ac\uc5c5\uc7a5 \uc8fc\uc2dd\ud68c\uc0ac"", ""dist"": 2.2879468132350254}, {""brn"": ""3178124966"", ""name"": ""\uc8fc\uc131\uc774\uc5d4\uc9c0 \uc8fc\uc2dd\ud68c\uc0ac"", ""dist"": 2.326878945378179}, {""brn"": ""1298149486"", ""name"": ""\uc8fc\uc2dd\ud68c\uc0ac \uac00\ub098\uc774\uc5e0\ud2f0"", ""dist"": 2.4560559228736025}]",1,77361320
4148702853,주식회사 원일중공업,4015,펌프·압축기 (수중펌프·공기압축기),45,전북,True,2.5595079146353337,2,False,True,0.326766604949496,2.06028824504437,5448702659,주식회사 케이룩수,2.0102647770951783,"[{""brn"": ""5448702659"", ""name"": ""\uc8fc\uc2dd\ud68c\uc0ac \ucf00\uc774\ub8e9\uc218"", ""dist"": 2.0102647770951783}, {""brn"": ""8658801710"", ""name"": ""\uc0ac\ud68c\uc801\ud611\ub3d9\uc870\ud569 \ub098\ub77c\uc0ac\ub791"", ""dist"": 2.0332815549865133}, {""brn"": ""6158700370"", ""name"": ""\uafc8\ub3d9\uc0b0\uc7a5\uc560\uc778\ud45c\uc900\uc0ac\uc5c5\uc7a5 \uc8fc\uc2dd\ud68c\uc0ac"", ""dist"": 2.1373184030514194}, {""brn"": ""3178124966"", ""name"": ""\uc8fc\uc131\uc774\uc5d4\uc9c0 \uc8fc\uc2dd\ud68c\uc0ac"", ""dist"": 2.4202829802763652}, {""brn"": ""2858702726"", ""name"": ""\uc8fc\uc2dd\ud68c\uc0ac \uc138\uc6d0\uc774\uc5d4\uc774"", ""dist"": 2.4590289363591995}]",2,103245700
5128109615,예천건설환경(주),3010,건자재 (골재·목재),,지역미상,True,22.983874786640808,2,False,True,0.323261694668375,2.093468903038053,4158116270,주식회사 금호환경,2.014606117508082,"[{""brn"": ""4158116270"", ""name"": ""\uc8fc\uc2dd\ud68c\uc0ac \uae08\ud638\ud658\uacbd"", ""dist"": 2.014606117508082}, {""brn"": ""3108118099"", ""name"": ""\uc8fc\uc2dd\ud68c\uc0ac \ubcf4\ubbfc\ud658\uacbd"", ""dist"": 2.0236727837501185}, {""brn"": ""1298659669"", ""name"": ""\uc628\ub514\uc790\uc778\uc8fc\uc2dd\ud68c\uc0ac"", ""dist"": 2.2421278078559577}, {""brn"": ""3178124966"", ""name"": ""\uc8fc\uc131\uc774\uc5d4\uc9c0 \uc8fc\uc2dd\ud68c\uc0ac"", ""dist"": 2.3341193856886298}, {""brn"": ""2238106187"", ""name"": ""(\ud569)\ud64d\ucc9c\ud658\uacbd\uc0b0\uc5c5"", ""dist"": 2.4596331834112233}]",1,27636431
8668603338,주식회사 대온,4015,펌프·압축기 (수중펌프·공기압축기),45,전북,True,1.1577283116236976,2,False,True,0.32242246269343483,2.10152087930306,5448702659,주식회사 케이룩수,2.0266856711192904,"[{""brn"": ""5448702659"", ""name"": ""\uc8fc\uc2dd\ud68c\uc0ac \ucf00\uc774\ub8e9\uc218"", ""dist"": 2.0266856711192904}, {""brn"": ""8658801710"", ""name"": ""\uc0ac\ud68c\uc801\ud611\ub3d9\uc870\ud569 \ub098\ub77c\uc0ac\ub791"", ""dist"": 2.072275183491301}, {""brn"": ""6158700370"", ""name"": ""\uafc8\ub3d9\uc0b0\uc7a5\uc560\uc778\ud45c\uc900\uc0ac\uc5c5\uc7a5 \uc8fc\uc2dd\ud68c\uc0ac"", ""dist"": 2.2056017832985875}, {""brn"": ""2858702726"", ""name"": ""\uc8fc\uc2dd\ud68c\uc0ac \uc138\uc6d0\uc774\uc5d4\uc774"", ""dist"": 2.47425957328697}, {""brn"": ""6758601428"", ""name"": ""\uc5d4\uc5d0\uc2a4\ud38c\ud504 \uc8fc\uc2dd\ud68c\uc0ac"", ""dist"": 2.4984760256118057}]",2,103245700
4798102576,주식회사 대양엔텍,4111,계측 장비 (계측기·수질분석기·유량계),26,부산,False,4.437673554607955,2,False,True,0.31652600095617556,2.159298120783621,6578702144,주식회사 케이와이에이치,2.008890938845193,"[{""brn"": ""6578702144"", ""name"": ""\uc8fc\uc2dd\ud68c\uc0ac \ucf00\uc774\uc640\uc774\uc5d0\uc774\uce58"", ""dist"": 2.008890938845193}, {""brn"": ""6122552599"", ""name"": ""\uc548\uac00"", ""dist"": 2.0131370974287943}, {""brn"": ""6147100487"", ""name"": ""\ub2e4\uc740\ucef4\ud37c\ub2c8"", ""dist"": 2.4558663260768765}, {""brn"": ""2201169007"", ""name"": ""\ub300\uacbd\uc2dc\uc2a4\ud15c"", ""dist"": 2.456168291039998}, {""brn"": ""6068664989"", ""name"": ""\uc8fc\uc2dd\ud68c\uc0ac \ub300\uc77c\ubc14\uc774\uc624\uba54\ub4dc"", ""dist"": 2.4562332184153823}]",1,30861040
1198669549,주식회사 엘케이에너지,3912,전기 설비 (배전반·계장제어·UPS),41,경기,False,10.069432623738688,2,False,True,0.3120870825894788,2.2042338686455856,6158700370,꿈동산장애인표준사업장 주식회사,2.0426161827607903,"[{""brn"": ""6158700370"", ""name"": ""\uafc8\ub3d9\uc0b0\uc7a5\uc560\uc778\ud45c\uc900\uc0ac\uc5c5\uc7a5 \uc8fc\uc2dd\ud68c\uc0ac"", ""dist"": 2.0426161827607903}, {""brn"": ""8658801710"", ""name"": ""\uc0ac\ud68c\uc801\ud611\ub3d9\uc870\ud569 \ub098\ub77c\uc0ac\ub791"", ""dist"": 2.114107780392941}, {""brn"": ""4535600123"", ""name"": ""\uc138\ub9bc\uc0c1\uc0ac"", ""dist"": 2.4559776427830258}, {""brn"": ""4083713817"", ""name"": ""\ud558\uc774\ub4dc\ub9bc"", ""dist"": 2.4559850637173772}, {""brn"": ""1388600046"", ""name"": ""\uc8fc\uc2dd\ud68c\uc0ac \uc778\ud504\ub77c\uc6d0"", ""dist"": 2.4562710899175264}]",9,4589233800
8518100538,주식회사 백양테크,3912,전기 설비 (배전반·계장제어·UPS),28,인천,False,9.519124615525135,2,True,False,0.2983795431759458,2.3514361921598925,5941601752,연모,2.1415838627214416,"[{""brn"": ""5941601752"", ""name"": ""\uc5f0\ubaa8"", ""dist"": 2.1415838627214416}, {""brn"": ""3032464821"", ""name"": ""\ud6a8\uc131\uc0c1\uc0ac"", ""dist"": 2.4561143241231336}, {""brn"": ""2300300451"", ""name"": ""\ud55c\uc11c\uc720\ud1b5"", ""dist"": 2.456610389635102}, {""brn"": ""8915400302"", ""name"": ""\uc2e0\uc544\uc778\ud504\ub77c"", ""dist"": 2.465413632000653}, {""brn"": ""8318101324"", ""name"": ""(\uc8fc)\ub450\uad7f\uc774\uc5d4\uc9c0"", ""dist"": 2.472621266477257}]",1,219500108
1233306552,델타바이오,4111,계측 장비 (계측기·수질분석기·유량계),45,전북,False,18.13787889341699,2,False,True,0.29351686924671816,2.406959206693641,8811900022,포낙에이치에이(HA),2.1917401489808706,"[{""brn"": ""8811900022"", ""name"": ""\ud3ec\ub099\uc5d0\uc774\uce58\uc5d0\uc774(HA)"", ""dist"": 2.1917401489808706}, {""brn"": ""1371789964"", ""name"": ""\uc5d0\uc2a4\ud53c\ud2f0"", ""dist"": 2.477807902152327}, {""brn"": ""4030863457"", ""name"": ""\ud55c\uc131"", ""dist"": 2.5513295689477244}, {""brn"": ""4022454144"", ""name"": ""SG\uc0b0\uc5c5"", ""dist"": 2.5813192704947108}, {""brn"": ""1243837427"", ""name"": ""\ud654\uc778\ubc14\uc774\uc624"", ""dist"": 2.595442192620759}]",1,74196520
3598601152,(주)혜성코리아,2410,운반·물류 장비 (지게차·엘리베이터),28,인천,False,6.365120508748954,2,False,True,0.28936423776452924,2.4558520697839383,2327200297,두남산업,2.4558490980405367,"[{""brn"": ""2327200297"", ""name"": ""\ub450\ub0a8\uc0b0\uc5c5"", ""dist"": 2.4558490980405367}, {""brn"": ""7780101773"", ""name"": ""\uc720\ub2c8\uc2a4\uc81c\uc774"", ""dist"": 2.4558523508958143}, {""brn"": ""1095087857"", ""name"": ""\ud53c\ucf54\ubc15\uc2a4"", ""dist"": 2.4558547604154644}, {""brn"": ""3062772879"", ""name"": ""\uc720\ubbfc\uc0c1\uc0ac"", ""dist"": 2.4558751207621192}, {""brn"": ""8446200301"", ""name"": ""\uc528\uc564\uc5d8"", ""dist"": 2.455885120160503}]",1,25753240
1905500924,더트리오브라이프,4111,계측 장비 (계측기·수질분석기·유량계),41,경기,False,2.115976087119933,2,False,True,0.28936285443698684,2.4558685908241387,2548601895,주식회사 풀코스,2.4558431946995842,"[{""brn"": ""2548601895"", ""name"": ""\uc8fc\uc2dd\ud68c\uc0ac \ud480\ucf54\uc2a4"", ""dist"": 2.4558431946995842}, {""brn"": ""2473400512"", ""name"": ""\ube0c\ub9bf\uc9c0"", ""dist"": 2.455851218420762}, {""brn"": ""7445400855"", ""name"": ""\uace0\uc2a4\ud14c\uc774\uc158"", ""dist"": 2.4559113593520707}, {""brn"": ""3526600630"", ""name"": ""\ud55c\uc194\uc720\ud1b5"", ""dist"": 2.4559140338544756}, {""brn"": ""5848703049"", ""name"": ""\uc8fc\uc2dd\ud68c\uc0ac \ub298\ud574\ub791\ucef4\ud37c\ub2c8"", ""dist"": 2.45639510777271}]",1,28028000
1248670602,(주)우영종합전기,4015,펌프·압축기 (수중펌프·공기압축기),41,경기,False,17.582095183629175,2,False,True,0.28853505434759485,2.4657833941913747,1388149821,(주)하이드로코리아,2.4580936282568264,"[{""brn"": ""1388149821"", ""name"": ""(\uc8fc)\ud558\uc774\ub4dc\ub85c\ucf54\ub9ac\uc544"", ""dist"": 2.4580936282568264}, {""brn"": ""1270383587"", ""name"": ""\ub2c9\uc2a4"", ""dist"": 2.4654136320006526}, {""brn"": ""1258192109"", ""name"": ""(\uc8fc)\ub300\ud55c\ud658\uacbd"", ""dist"": 2.4738429223166456}, {""brn"": ""1298659669"", ""name"": ""\uc628\ub514\uc790\uc778\uc8fc\uc2dd\ud68c\uc0ac"", ""dist"": 2.4996526951962825}, {""brn"": ""2148897121"", ""name"": ""\uc8fc\uc2dd\ud68c\uc0ac \uc5b4\ud53c\ub2c8\ud2f0"", ""dist"": 2.5223781999781183}]",2,642780000
6400803437,에이엔엘테크,4710,수처리 약품 (응집제·여과재),27,대구,False,1.253553089173321,2,False,True,0.2871458095683913,2.4825512568095607,8790402950,월드유통,2.458688165345955,"[{""brn"": ""8790402950"", ""name"": ""\uc6d4\ub4dc\uc720\ud1b5"", ""dist"": 2.458688165345955}, {""brn"": ""6044071787"", ""name"": ""\uc5d0\uc774\uce58\uc5e0"", ""dist"": 2.47302376656854}, {""brn"": ""2740601179"", ""name"": ""\ubb38\ud654\uc608\uc220ATO & \ube44\uc2a4\ud2b8Ent."", ""dist"": 2.515941838514186}, {""brn"": ""4141801071"", ""name"": ""\uc544\ud06c\uc5d4\uc824"", ""dist"": 2.5349914499054154}, {""brn"": ""5048130363"", ""name"": ""\uc8fc\uc2dd\ud68c\uc0ac \ud480\ub9ac\ub9e8"", ""dist"": 2.570423746222023}]",1,75721180
7418801108,주식회사 이에스씨티,4710,수처리 약품 (응집제·여과재),30,대전,False,7.2001649988242455,2,False,True,0.28553432912058463,2.5022058576280255,7820901711,모아테크,2.462024365547615,"[{""brn"": ""7820901711"", ""name"": ""\ubaa8\uc544\ud14c\ud06c"", ""dist"": 2.462024365547615}, {""brn"": ""2740601179"", ""name"": ""\ubb38\ud654\uc608\uc220ATO & \ube44\uc2a4\ud2b8Ent."", ""dist"": 2.464014604312635}, {""brn"": ""2468103408"", ""name"": ""\uc8fc\uc2dd\ud68c\uc0ac \ub7a9\ud50c\ub809\uc2a4"", ""dist"": 2.580578603023826}, {""brn"": ""3178124966"", ""name"": ""\uc8fc\uc131\uc774\uc5d4\uc9c0 \uc8fc\uc2dd\ud68c\uc0ac"", ""dist"": 2.5970073132317735}, {""brn"": ""6338801321"", ""name"": ""\uc8fc\uc2dd\ud68c\uc0ac\uacbd\uc1a1\uc5d0\ub108\ud14d"", ""dist"": 2.833928399756057}]",1,81467752
6051246027,국제통신공업,3912,전기 설비 (배전반·계장제어·UPS),,지역미상,False,21.35485356829721,2,False,True,0.2789396702355256,2.585004596713116,3018175382,정현전력주식회사,2.456860769278455,"[{""brn"": ""3018175382"", ""name"": ""\uc815\ud604\uc804\ub825\uc8fc\uc2dd\ud68c\uc0ac"", ""dist"": 2.456860769278455}, {""brn"": ""6118119031"", ""name"": ""(\uc8fc)\ub204\ub9ac\uc232"", ""dist"": 2.550492169200476}, {""brn"": ""5031875121"", ""name"": ""\uc5d0\uc774\uc2a4\ucef4\ud37c\ub2c8"", ""dist"": 2.7476608516604166}, {""brn"": ""1946200133"", ""name"": ""\ud574\ubc00\ud14c\ud06c"", ""dist"": 2.8152559875207865}, {""brn"": ""1288179309"", ""name"": ""\uc8fc\uc2dd\ud68c\uc0ac \ucc9c\uc77c"", ""dist"": 2.840167873794357}]",1,19094000
